{"payload":{"installed_packages":["absl-py==2.0.0","addict==2.4.0","altgraph==0.17.4","asttokens==2.4.1","astunparse==1.6.3","attrs==23.2.0","autocommand==2.2.2","backcall==0.2.0","backports.tarfile==1.2.0","basicsr==1.4.2","blinker==1.7.0","cachetools==5.3.2","certifi==2023.7.22","chardet==4.0.0","charset-normalizer==3.3.2","click==8.1.7","colorama==0.4.6","coloredlogs==15.0.1","comet-ml==3.47.2","configobj==5.0.8","contourpy==1.1.1","cycler==0.10.0","decorator==5.1.1","distance==0.1.3","dlib==19.24.2","dulwich==0.22.1","everett==3.1.0","executing==2.0.1","facexlib==0.3.0","filelock==3.14.0","filterpy==1.4.5","flask==3.0.2","flatbuffers==23.5.26","fonttools==4.45.1","fsspec==2024.3.1","future==1.0.0","gast==0.4.0","gfpgan==1.3.8","gitdb==4.0.11","gitpython==3.1.43","google-auth==2.23.4","google-auth-oauthlib==1.0.0","google-pasta==0.2.0","grpcio==1.59.3","h5py==3.10.0","humanfriendly==10.0","idna==2.10","imageio==2.35.1","importlib-metadata==6.8.0","importlib-resources==6.1.1","imutils==0.5.4","inflect==7.3.1","intel-openmp==2021.4.0","ipython==8.12.3","itsdangerous==2.1.2","jaraco.collections==5.1.0","jaraco.context==5.3.0","jaraco.functools==4.0.1","jaraco.text==3.12.1","jedi==0.19.1","jinja2==3.1.3","joblib==1.4.2","jsonschema==4.22.0","jsonschema-specifications==2023.12.1","keras==2.13.1","kiwisolver==1.4.5","lazy-loader==0.4","libclang==16.0.6","llvmlite==0.41.1","lmdb==1.5.1","markdown==3.5.1","markdown-it-py==3.0.0","markupsafe==2.1.3","matplotlib==3.7.4","matplotlib-inline==0.1.7","mdurl==0.1.2","mkl==2021.4.0","more-itertools==10.3.0","mouseinfo==0.1.3","mpmath==1.3.0","networkx==3.1","np-utils==0.6.0","numba==0.58.1","numpy==1.24.3","oauthlib==3.2.2","onnx==1.16.0","onnx2torch==1.5.14","onnxruntime==1.17.3","opencv-contrib-python==4.10.0.84","opencv-python==4.10.0.84","opt-einsum==3.3.0","packaging==23.2","pafy==0.5.5","pandas==2.0.3","parso==0.8.4","pefile==2023.2.7","pickleshare==0.7.5","pillow==10.3.0","pip==24.3.1","pkgutil-resolve-name==1.3.10","platformdirs==4.3.6","prompt-toolkit==3.0.47","protobuf==4.25.1","psutil==5.9.8","pure-eval==0.2.3","py-cpuinfo==9.0.0","pyasn1==0.5.1","pyasn1-modules==0.3.0","pyautogui==0.9.54","pygame==2.5.2","pygame-menu==4.4.3","pygetwindow==0.0.9","pygments==2.18.0","pyinstaller==6.11.0","pyinstaller-hooks-contrib==2024.9","pymsgbox==1.0.9","pyparsing==3.1.1","pyperclip==1.8.2","pyreadline3==3.4.1","pyrect==0.2.0","pyscreeze==0.1.30","python-box==6.1.0","python-dateutil==2.8.2","python-dotenv==1.0.1","python-magic==0.4.27","pytweening==1.2.0","pytz==2024.1","pywavelets==1.4.1","pywin32-ctypes==0.2.3","pyyaml==6.0.1","realesrgan==0.3.0","referencing==0.35.1","requests==2.32.3","requests-oauthlib==1.3.1","requests-toolbelt==1.0.0","rich==13.7.1","roboflow==1.1.29","rpds-py==0.18.1","rsa==4.9","scikit-image==0.21.0","scikit-learn==1.3.2","scipy==1.10.1","seaborn==0.13.2","semantic-version==2.10.0","sentry-sdk==2.2.0","setuptools==75.2.0","simplejson==3.19.2","six==1.16.0","smmap==5.0.1","stack-data==0.6.3","sympy==1.12","tb-nightly==2.14.0a20230808","tbb==2021.12.0","tensorboard==2.14.0","tensorboard-data-server==0.7.2","tensorflow==2.13.0","tensorflow-estimator==2.13.0","tensorflow-intel==2.13.0","tensorflow-io-gcs-filesystem==0.31.0","termcolor==2.3.0","thop==0.1.1.post2209072238","threadpoolctl==3.5.0","tifffile==2023.7.10","tomli==2.0.2","torch==2.4.1+cu124","torchaudio==2.4.1+cu124","torchvision==0.19.1+cu124","tqdm==4.66.4","traitlets==5.14.3","typeguard==4.3.0","typing-extensions==4.12.2","tzdata==2024.1","ultralytics==8.3.23","ultralytics-thop==2.0.9","urllib3==2.1.0","wcwidth==0.2.13","websocket-client==1.8.0","werkzeug==3.0.1","wheel==0.41.3","wrapt==1.16.0","wurlitzer==3.1.0","yapf==0.40.2","youtube-dl==2020.12.2","zipp==3.17.0"],"message_id":1},"type":"installed_packages"}
{"payload":{"command":["train.py","--img","640","--batch","16","--epochs","80","--data","data\\data.yaml","--weights","yolov5s.pt"],"env":null,"hostname":"DESKTOP-IEQI6OG","ip":"183.108.62.98","machine":"AMD64","message_id":2,"os":"Windows-10-10.0.22631-SP0","os_release":"10","os_type":"Windows","pid":18680,"processor":"Intel64 Family 6 Model 151 Stepping 5, GenuineIntel","python_exe":"C:\\Users\\TaeSan\\AppData\\Local\\Programs\\Python\\Python38\\python.exe","python_version":"3.8.10","python_version_verbose":"3.8.10 (tags/v3.8.10:3d8993a, May  3 2021, 11:48:03) [MSC v.1928 64 bit (AMD64)]","user":"TaeSan"},"type":"system_details"}
{"payload":{"gpu_static_info":[{"gpu_index":0,"name":"NVIDIA GeForce RTX 3070","power_limit":240000,"total_memory":8589934592,"uuid":"GPU-e6c056a4-955b-26d6-f49c-c361a244c76c"}],"message_id":3},"type":"gpu_static_info"}
{"payload":{"local_timestamp":1730991266941,"message_id":4,"metric":{"epoch":null,"metricName":"sys.gpu.0.total_memory","metricValue":8589934592,"step":null}},"type":"metric_msg"}
{"payload":{"local_timestamp":1730991266943,"message_id":5,"param":{"paramName":"img","paramValue":640,"source":"cli","step":null}},"type":"parameter_msg"}
{"payload":{"local_timestamp":1730991266943,"message_id":6,"param":{"paramName":"batch","paramValue":16,"source":"cli","step":null}},"type":"parameter_msg"}
{"payload":{"local_timestamp":1730991266943,"message_id":7,"param":{"paramName":"epochs","paramValue":80,"source":"cli","step":null}},"type":"parameter_msg"}
{"payload":{"local_timestamp":1730991266943,"message_id":8,"param":{"paramName":"data","paramValue":"data\\data.yaml","source":"cli","step":null}},"type":"parameter_msg"}
{"payload":{"local_timestamp":1730991266943,"message_id":9,"param":{"paramName":"weights","paramValue":"yolov5s.pt","source":"cli","step":null}},"type":"parameter_msg"}
{"payload":{"key":"offline_experiment","message_id":10,"value":true},"type":"log_other"}
{"payload":{"key":"Name","message_id":11,"value":"exp"},"type":"log_other"}
{"payload":{"additional_params":{"assetId":"e58245cd913e4a169a62c2794c169b4a","context":null,"extension":"yaml","fileName":"data.yaml","overwrite":false,"runId":null,"step":null},"clean":true,"file_path":"tmpbtrtjtl3","local_timestamp":1730991266947,"message_id":12,"metadata":{"type":"data-config-file"},"upload_type":"asset"},"type":"file_upload"}
{"payload":{"local_timestamp":1730991266951,"message_id":13,"output":"\nDataset not found , missing paths ['C:\\\\Users\\\\TaeSan\\\\Desktop\\\\sang,tae_jetson\\\\yolov5-master\\\\valid\\\\images']\n","stderr":true},"type":"standard_output"}
{"payload":{"local_timestamp":1730991266951,"message_id":14,"output":"Traceback (most recent call last):\n","stderr":true},"type":"standard_output"}
{"payload":{"local_timestamp":1730991266951,"message_id":15,"output":"  File \"train.py\", line 986, in <module>\n","stderr":true},"type":"standard_output"}
{"payload":{"local_timestamp":1730991266952,"message_id":16,"output":"    ","stderr":true},"type":"standard_output"}
{"payload":{"local_timestamp":1730991266952,"message_id":17,"output":"main(opt)","stderr":true},"type":"standard_output"}
{"payload":{"local_timestamp":1730991266952,"message_id":18,"output":"\n","stderr":true},"type":"standard_output"}
{"payload":{"local_timestamp":1730991266952,"message_id":19,"output":"  File \"train.py\", line 688, in main\n","stderr":true},"type":"standard_output"}
{"payload":{"local_timestamp":1730991266953,"message_id":20,"output":"    ","stderr":true},"type":"standard_output"}
{"payload":{"local_timestamp":1730991266953,"message_id":21,"output":"train(opt.hyp, opt, device, callbacks)","stderr":true},"type":"standard_output"}
{"payload":{"local_timestamp":1730991266953,"message_id":22,"output":"\n","stderr":true},"type":"standard_output"}
{"payload":{"local_timestamp":1730991266953,"message_id":23,"output":"  File \"train.py\", line 180, in train\n","stderr":true},"type":"standard_output"}
{"payload":{"local_timestamp":1730991266953,"message_id":24,"metric":{"epoch":null,"metricName":"sys.gpu.0.gpu_utilization","metricValue":5,"step":null}},"type":"metric_msg"}
{"payload":{"local_timestamp":1730991266953,"message_id":25,"metric":{"epoch":null,"metricName":"sys.gpu.0.power_usage","metricValue":45644,"step":null}},"type":"metric_msg"}
{"payload":{"local_timestamp":1730991266953,"message_id":26,"metric":{"epoch":null,"metricName":"sys.gpu.0.temperature","metricValue":31,"step":null}},"type":"metric_msg"}
{"payload":{"local_timestamp":1730991266953,"message_id":27,"metric":{"epoch":null,"metricName":"sys.gpu.0.memory_utilization","metricValue":4,"step":null}},"type":"metric_msg"}
{"payload":{"local_timestamp":1730991266953,"message_id":28,"metric":{"epoch":null,"metricName":"sys.gpu.0.free_memory","metricValue":7428407296,"step":null}},"type":"metric_msg"}
{"payload":{"local_timestamp":1730991266953,"message_id":29,"metric":{"epoch":null,"metricName":"sys.gpu.0.used_memory","metricValue":1161527296,"step":null}},"type":"metric_msg"}
{"payload":{"local_timestamp":1730991266953,"message_id":30,"metric":{"epoch":null,"metricName":"sys.gpu.0.percent.used_memory","metricValue":13.521957397460938,"step":null}},"type":"metric_msg"}
{"payload":{"local_timestamp":1730991266954,"message_id":31,"output":"    ","stderr":true},"type":"standard_output"}
{"payload":{"local_timestamp":1730991266954,"message_id":32,"output":"loggers = Loggers(","stderr":true},"type":"standard_output"}
{"payload":{"local_timestamp":1730991266954,"message_id":33,"output":"\n","stderr":true},"type":"standard_output"}
{"payload":{"local_timestamp":1730991266954,"message_id":34,"output":"  File \"C:\\Users\\TaeSan\\Desktop\\sang,tae_jetson\\yolov5-master\\utils\\loggers\\__init__.py\", line 153, in __init__\n","stderr":true},"type":"standard_output"}
{"payload":{"local_timestamp":1730991266963,"message_id":35,"output":"    ","stderr":true},"type":"standard_output"}
{"payload":{"local_timestamp":1730991266963,"message_id":36,"output":"self.comet_logger = CometLogger(self.opt, self.hyp)","stderr":true},"type":"standard_output"}
{"payload":{"local_timestamp":1730991266963,"message_id":37,"output":"\n","stderr":true},"type":"standard_output"}
{"payload":{"local_timestamp":1730991266963,"message_id":38,"output":"  File \"C:\\Users\\TaeSan\\Desktop\\sang,tae_jetson\\yolov5-master\\utils\\loggers\\comet\\__init__.py\", line 102, in __init__\n","stderr":true},"type":"standard_output"}
{"payload":{"local_timestamp":1730991266974,"message_id":39,"output":"    ","stderr":true},"type":"standard_output"}
{"payload":{"local_timestamp":1730991266974,"message_id":40,"output":"self.data_dict = self.check_dataset(self.opt.data)","stderr":true},"type":"standard_output"}
{"payload":{"local_timestamp":1730991266974,"message_id":41,"output":"\n","stderr":true},"type":"standard_output"}
{"payload":{"local_timestamp":1730991266976,"message_id":42,"output":"  File \"C:\\Users\\TaeSan\\Desktop\\sang,tae_jetson\\yolov5-master\\utils\\loggers\\comet\\__init__.py\", line 260, in check_dataset\n","stderr":true},"type":"standard_output"}
{"payload":{"local_timestamp":1730991266976,"message_id":43,"output":"    ","stderr":true},"type":"standard_output"}
{"payload":{"local_timestamp":1730991266976,"message_id":44,"output":"return check_dataset(data_file)","stderr":true},"type":"standard_output"}
{"payload":{"local_timestamp":1730991266976,"message_id":45,"output":"\n","stderr":true},"type":"standard_output"}
{"payload":{"local_timestamp":1730991266976,"message_id":46,"output":"  File \"C:\\Users\\TaeSan\\Desktop\\sang,tae_jetson\\yolov5-master\\utils\\general.py\", line 565, in check_dataset\n","stderr":true},"type":"standard_output"}
{"payload":{"local_timestamp":1730991266976,"message_id":47,"output":"    ","stderr":true},"type":"standard_output"}
{"payload":{"local_timestamp":1730991266976,"message_id":48,"output":"raise Exception(\"Dataset not found \u274c\")","stderr":true},"type":"standard_output"}
{"payload":{"local_timestamp":1730991266976,"message_id":49,"output":"\n","stderr":true},"type":"standard_output"}
{"payload":{"local_timestamp":1730991266977,"message_id":50,"output":"Exception","stderr":true},"type":"standard_output"}
{"payload":{"local_timestamp":1730991266977,"message_id":51,"output":": ","stderr":true},"type":"standard_output"}
{"payload":{"local_timestamp":1730991266977,"message_id":52,"output":"Dataset not found \u274c","stderr":true},"type":"standard_output"}
{"payload":{"local_timestamp":1730991266977,"message_id":53,"output":"\n","stderr":true},"type":"standard_output"}
{"payload":{"local_timestamp":1730991266977,"message_id":54,"output":"\u001b[1;38;5;39mCOMET INFO:\u001b[0m The process of logging environment details (conda environment, git patch) is underway. Please be patient as this may take some time.\n","stderr":true},"type":"standard_output"}
{"payload":{"local_timestamp":1730991266980,"message_id":55,"output":"\u001b[1;38;5;39mCOMET INFO:\u001b[0m Couldn't find a Git repository in 'C:\\\\Users\\\\TaeSan\\\\Desktop\\\\sang,tae_jetson\\\\yolov5-master' nor in any parent directory. Set `COMET_GIT_DIRECTORY` if your Git Repository is elsewhere.\n","stderr":true},"type":"standard_output"}
{"payload":{"local_timestamp":1730991266980,"message_id":56,"output":"\u001b[1;38;5;39mCOMET INFO:\u001b[0m ---------------------------------------------------------------------------------------\n","stderr":true},"type":"standard_output"}
{"payload":{"local_timestamp":1730991266981,"message_id":57,"output":"\u001b[1;38;5;39mCOMET INFO:\u001b[0m Comet.ml OfflineExperiment Summary\n","stderr":true},"type":"standard_output"}
{"payload":{"local_timestamp":1730991266981,"message_id":58,"output":"\u001b[1;38;5;39mCOMET INFO:\u001b[0m ---------------------------------------------------------------------------------------\n","stderr":true},"type":"standard_output"}
{"payload":{"local_timestamp":1730991266981,"message_id":59,"output":"\u001b[1;38;5;39mCOMET INFO:\u001b[0m   Data:\n","stderr":true},"type":"standard_output"}
{"payload":{"local_timestamp":1730991266981,"message_id":60,"output":"\u001b[1;38;5;39mCOMET INFO:\u001b[0m     display_summary_level : 1\n","stderr":true},"type":"standard_output"}
{"payload":{"local_timestamp":1730991266982,"message_id":61,"output":"\u001b[1;38;5;39mCOMET INFO:\u001b[0m     name                  : exp\n","stderr":true},"type":"standard_output"}
{"payload":{"local_timestamp":1730991266982,"message_id":62,"output":"\u001b[1;38;5;39mCOMET INFO:\u001b[0m     url                   : [OfflineExperiment will get URL after upload]\n","stderr":true},"type":"standard_output"}
{"payload":{"local_timestamp":1730991266982,"message_id":63,"output":"\u001b[1;38;5;39mCOMET INFO:\u001b[0m   Others:\n","stderr":true},"type":"standard_output"}
{"payload":{"local_timestamp":1730991266982,"message_id":64,"output":"\u001b[1;38;5;39mCOMET INFO:\u001b[0m     Name               : exp\n","stderr":true},"type":"standard_output"}
{"payload":{"local_timestamp":1730991266982,"message_id":65,"output":"\u001b[1;38;5;39mCOMET INFO:\u001b[0m     offline_experiment : True\n","stderr":true},"type":"standard_output"}
{"payload":{"local_timestamp":1730991266982,"message_id":66,"output":"\u001b[1;38;5;39mCOMET INFO:\u001b[0m   Uploads:\n","stderr":true},"type":"standard_output"}
{"payload":{"local_timestamp":1730991266983,"message_id":67,"output":"\u001b[1;38;5;39mCOMET INFO:\u001b[0m     asset               : 1 (296 bytes)\n","stderr":true},"type":"standard_output"}
{"payload":{"local_timestamp":1730991266983,"message_id":68,"output":"\u001b[1;38;5;39mCOMET INFO:\u001b[0m     environment details : 1\n","stderr":true},"type":"standard_output"}
{"payload":{"local_timestamp":1730991266983,"message_id":69,"output":"\u001b[1;38;5;39mCOMET INFO:\u001b[0m     installed packages  : 1\n","stderr":true},"type":"standard_output"}
{"payload":{"local_timestamp":1730991266983,"message_id":70,"output":"\u001b[1;38;5;39mCOMET INFO:\u001b[0m \n","stderr":true},"type":"standard_output"}
{"payload":{"local_timestamp":1730991267215,"message_id":71,"metric":{"epoch":null,"metricName":"sys.cpu.percent.avg","metricValue":0.0,"step":null}},"type":"metric_msg"}
{"payload":{"local_timestamp":1730991267215,"message_id":72,"metric":{"epoch":null,"metricName":"sys.ram.total","metricValue":51392667648,"step":null}},"type":"metric_msg"}
{"payload":{"local_timestamp":1730991267215,"message_id":73,"metric":{"epoch":null,"metricName":"sys.ram.used","metricValue":12461125632,"step":null}},"type":"metric_msg"}
{"payload":{"local_timestamp":1730991267216,"message_id":74,"metric":{"epoch":null,"metricName":"sys.ram.available","metricValue":38931542016,"step":null}},"type":"metric_msg"}
{"payload":{"local_timestamp":1730991267216,"message_id":75,"metric":{"epoch":null,"metricName":"sys.ram.percent.used","metricValue":24.2,"step":null}},"type":"metric_msg"}
{"payload":{"local_timestamp":1730991267216,"message_id":76,"metric":{"epoch":null,"metricName":"sys.load.avg","metricValue":0.0,"step":null}},"type":"metric_msg"}
