{"offline_id": "ba788d24813d47f7a03bd4ac8a1d8906", "project_name": "yolov5", "start_time": 1730971512986, "stop_time": 1730971581343, "tags": [], "workspace": null, "resume_strategy": "create", "customer_error_reported": true, "customer_error_message": "Unexpected error detected in the user script: AssertionError('Label class 7 exceeds nc=1 in C:\\\\Users\\\\TaeSan\\\\Desktop\\\\sang,tae_jetson\\\\yolov5-master\\\\data\\\\data.yaml. Possible class labels are 0-0')", "user_provided_experiment_key": false, "comet_start_sourced": false}