{"payload":{"installed_packages":["absl-py==2.0.0","addict==2.4.0","altgraph==0.17.4","asttokens==2.4.1","astunparse==1.6.3","attrs==23.2.0","autocommand==2.2.2","backcall==0.2.0","backports.tarfile==1.2.0","basicsr==1.4.2","blinker==1.7.0","cachetools==5.3.2","certifi==2023.7.22","chardet==4.0.0","charset-normalizer==3.3.2","click==8.1.7","colorama==0.4.6","coloredlogs==15.0.1","comet-ml==3.47.2","configobj==5.0.8","contourpy==1.1.1","cycler==0.10.0","decorator==5.1.1","distance==0.1.3","dlib==19.24.2","dulwich==0.22.1","everett==3.1.0","executing==2.0.1","facexlib==0.3.0","filelock==3.14.0","filterpy==1.4.5","flask==3.0.2","flatbuffers==23.5.26","fonttools==4.45.1","fsspec==2024.3.1","future==1.0.0","gast==0.4.0","gfpgan==1.3.8","gitdb==4.0.11","gitpython==3.1.43","google-auth==2.23.4","google-auth-oauthlib==1.0.0","google-pasta==0.2.0","grpcio==1.59.3","h5py==3.10.0","humanfriendly==10.0","idna==2.10","imageio==2.35.1","importlib-metadata==6.8.0","importlib-resources==6.1.1","imutils==0.5.4","inflect==7.3.1","intel-openmp==2021.4.0","ipython==8.12.3","itsdangerous==2.1.2","jaraco.collections==5.1.0","jaraco.context==5.3.0","jaraco.functools==4.0.1","jaraco.text==3.12.1","jedi==0.19.1","jinja2==3.1.3","joblib==1.4.2","jsonschema==4.22.0","jsonschema-specifications==2023.12.1","keras==2.13.1","kiwisolver==1.4.5","lazy-loader==0.4","libclang==16.0.6","llvmlite==0.41.1","lmdb==1.5.1","markdown==3.5.1","markdown-it-py==3.0.0","markupsafe==2.1.3","matplotlib==3.7.4","matplotlib-inline==0.1.7","mdurl==0.1.2","mkl==2021.4.0","more-itertools==10.3.0","mouseinfo==0.1.3","mpmath==1.3.0","networkx==3.1","np-utils==0.6.0","numba==0.58.1","numpy==1.24.3","oauthlib==3.2.2","onnx==1.16.0","onnx2torch==1.5.14","onnxruntime==1.17.3","opencv-contrib-python==4.10.0.84","opencv-python==4.10.0.84","opt-einsum==3.3.0","packaging==23.2","pafy==0.5.5","pandas==2.0.3","parso==0.8.4","pefile==2023.2.7","pickleshare==0.7.5","pillow==10.3.0","pip==24.3.1","pkgutil-resolve-name==1.3.10","platformdirs==4.3.6","prompt-toolkit==3.0.47","protobuf==4.25.1","psutil==5.9.8","pure-eval==0.2.3","py-cpuinfo==9.0.0","pyasn1==0.5.1","pyasn1-modules==0.3.0","pyautogui==0.9.54","pygame==2.5.2","pygame-menu==4.4.3","pygetwindow==0.0.9","pygments==2.18.0","pyinstaller==6.11.0","pyinstaller-hooks-contrib==2024.9","pymsgbox==1.0.9","pyparsing==3.1.1","pyperclip==1.8.2","pyreadline3==3.4.1","pyrect==0.2.0","pyscreeze==0.1.30","python-box==6.1.0","python-dateutil==2.8.2","python-dotenv==1.0.1","python-magic==0.4.27","pytweening==1.2.0","pytz==2024.1","pywavelets==1.4.1","pywin32-ctypes==0.2.3","pyyaml==6.0.1","realesrgan==0.3.0","referencing==0.35.1","requests==2.32.3","requests-oauthlib==1.3.1","requests-toolbelt==1.0.0","rich==13.7.1","roboflow==1.1.29","rpds-py==0.18.1","rsa==4.9","scikit-image==0.21.0","scikit-learn==1.3.2","scipy==1.10.1","seaborn==0.13.2","semantic-version==2.10.0","sentry-sdk==2.2.0","setuptools==75.2.0","simplejson==3.19.2","six==1.16.0","smmap==5.0.1","stack-data==0.6.3","sympy==1.12","tb-nightly==2.14.0a20230808","tbb==2021.12.0","tensorboard==2.14.0","tensorboard-data-server==0.7.2","tensorflow==2.13.0","tensorflow-estimator==2.13.0","tensorflow-intel==2.13.0","tensorflow-io-gcs-filesystem==0.31.0","termcolor==2.3.0","thop==0.1.1.post2209072238","threadpoolctl==3.5.0","tifffile==2023.7.10","tomli==2.0.2","torch==2.4.1+cu124","torchaudio==2.4.1+cu124","torchvision==0.19.1+cu124","tqdm==4.66.4","traitlets==5.14.3","typeguard==4.3.0","typing-extensions==4.12.2","tzdata==2024.1","ultralytics==8.3.23","ultralytics-thop==2.0.9","urllib3==2.1.0","wcwidth==0.2.13","websocket-client==1.8.0","werkzeug==3.0.1","wheel==0.41.3","wrapt==1.16.0","wurlitzer==3.1.0","yapf==0.40.2","youtube-dl==2020.12.2","zipp==3.17.0"],"message_id":1},"type":"installed_packages"}
{"payload":{"command":["train.py","--img","640","--batch","16","--epochs","80","--data","C:\\Users\\TaeSan\\Desktop\\sang,tae_jetson\\yolov5-master\\data\\data.yaml","--weights","yolov5s.pt"],"env":null,"hostname":"DESKTOP-IEQI6OG","ip":"175.206.245.3","machine":"AMD64","message_id":2,"os":"Windows-10-10.0.22631-SP0","os_release":"10","os_type":"Windows","pid":22424,"processor":"Intel64 Family 6 Model 151 Stepping 5, GenuineIntel","python_exe":"C:\\Users\\TaeSan\\AppData\\Local\\Programs\\Python\\Python38\\python.exe","python_version":"3.8.10","python_version_verbose":"3.8.10 (tags/v3.8.10:3d8993a, May  3 2021, 11:48:03) [MSC v.1928 64 bit (AMD64)]","user":"TaeSan"},"type":"system_details"}
{"payload":{"gpu_static_info":[{"gpu_index":0,"name":"NVIDIA GeForce RTX 3070","power_limit":240000,"total_memory":8589934592,"uuid":"GPU-e6c056a4-955b-26d6-f49c-c361a244c76c"}],"message_id":3},"type":"gpu_static_info"}
{"payload":{"local_timestamp":1730971516060,"message_id":4,"metric":{"epoch":null,"metricName":"sys.gpu.0.total_memory","metricValue":8589934592,"step":null}},"type":"metric_msg"}
{"payload":{"local_timestamp":1730971516061,"message_id":5,"param":{"paramName":"img","paramValue":640,"source":"cli","step":null}},"type":"parameter_msg"}
{"payload":{"local_timestamp":1730971516061,"message_id":6,"param":{"paramName":"batch","paramValue":16,"source":"cli","step":null}},"type":"parameter_msg"}
{"payload":{"local_timestamp":1730971516061,"message_id":7,"param":{"paramName":"epochs","paramValue":80,"source":"cli","step":null}},"type":"parameter_msg"}
{"payload":{"local_timestamp":1730971516061,"message_id":8,"param":{"paramName":"data","paramValue":"C:\\Users\\TaeSan\\Desktop\\sang,tae_jetson\\yolov5-master\\data\\data.yaml","source":"cli","step":null}},"type":"parameter_msg"}
{"payload":{"local_timestamp":1730971516061,"message_id":9,"param":{"paramName":"weights","paramValue":"yolov5s.pt","source":"cli","step":null}},"type":"parameter_msg"}
{"payload":{"key":"offline_experiment","message_id":10,"value":true},"type":"log_other"}
{"payload":{"key":"Name","message_id":11,"value":"exp"},"type":"log_other"}
{"payload":{"additional_params":{"assetId":"61c34ebf159c4f0fb767ed7a1919304c","context":null,"extension":"yaml","fileName":"data.yaml","overwrite":false,"runId":null,"step":null},"clean":true,"file_path":"tmpx1ju2muw","local_timestamp":1730971516064,"message_id":12,"metadata":{"type":"data-config-file"},"upload_type":"asset"},"type":"file_upload"}
{"payload":{"key":"Created from","message_id":13,"value":"YOLOv5"},"type":"log_other"}
{"payload":{"key":"hasNestedParams","message_id":14,"value":true},"type":"log_other"}
{"payload":{"local_timestamp":1730971516068,"message_id":15,"param":{"paramName":"artifact_alias","paramValue":"latest","source":"manual","step":null}},"type":"parameter_msg"}
{"payload":{"local_timestamp":1730971516069,"message_id":16,"param":{"paramName":"batch_size","paramValue":16,"source":"manual","step":null}},"type":"parameter_msg"}
{"payload":{"local_timestamp":1730971516069,"message_id":17,"param":{"paramName":"bbox_interval","paramValue":-1,"source":"manual","step":null}},"type":"parameter_msg"}
{"payload":{"local_timestamp":1730971516069,"message_id":18,"param":{"paramName":"bucket","paramValue":"","source":"manual","step":null}},"type":"parameter_msg"}
{"payload":{"local_timestamp":1730971516069,"message_id":19,"param":{"paramName":"cache","paramValue":null,"source":"manual","step":null}},"type":"parameter_msg"}
{"payload":{"local_timestamp":1730971516069,"message_id":20,"param":{"paramName":"cfg","paramValue":"","source":"manual","step":null}},"type":"parameter_msg"}
{"payload":{"local_timestamp":1730971516069,"message_id":21,"param":{"paramName":"cos_lr","paramValue":false,"source":"manual","step":null}},"type":"parameter_msg"}
{"payload":{"local_timestamp":1730971516069,"message_id":22,"param":{"paramName":"device","paramValue":"","source":"manual","step":null}},"type":"parameter_msg"}
{"payload":{"local_timestamp":1730971516069,"message_id":23,"param":{"paramName":"entity","paramValue":null,"source":"manual","step":null}},"type":"parameter_msg"}
{"payload":{"local_timestamp":1730971516069,"message_id":24,"param":{"paramName":"evolve","paramValue":null,"source":"manual","step":null}},"type":"parameter_msg"}
{"payload":{"local_timestamp":1730971516069,"message_id":25,"param":{"paramName":"evolve_population","paramValue":"data\\hyps","source":"manual","step":null}},"type":"parameter_msg"}
{"payload":{"local_timestamp":1730971516069,"message_id":26,"param":{"paramName":"exist_ok","paramValue":false,"source":"manual","step":null}},"type":"parameter_msg"}
{"payload":{"local_timestamp":1730971516069,"message_id":27,"params":{"paramName":"freeze","paramValue":[0],"source":"manual","step":null}},"type":"parameter_msg"}
{"payload":{"local_timestamp":1730971516069,"message_id":28,"param":{"paramName":"hyp|anchor_t","paramValue":4.0,"source":"manual","step":null}},"type":"parameter_msg"}
{"payload":{"local_timestamp":1730971516069,"message_id":29,"param":{"paramName":"hyp|box","paramValue":0.05,"source":"manual","step":null}},"type":"parameter_msg"}
{"payload":{"local_timestamp":1730971516069,"message_id":30,"param":{"paramName":"hyp|cls","paramValue":0.5,"source":"manual","step":null}},"type":"parameter_msg"}
{"payload":{"local_timestamp":1730971516069,"message_id":31,"param":{"paramName":"hyp|cls_pw","paramValue":1.0,"source":"manual","step":null}},"type":"parameter_msg"}
{"payload":{"local_timestamp":1730971516069,"message_id":32,"param":{"paramName":"hyp|copy_paste","paramValue":0.0,"source":"manual","step":null}},"type":"parameter_msg"}
{"payload":{"local_timestamp":1730971516069,"message_id":33,"param":{"paramName":"hyp|degrees","paramValue":0.0,"source":"manual","step":null}},"type":"parameter_msg"}
{"payload":{"local_timestamp":1730971516070,"message_id":34,"param":{"paramName":"hyp|fl_gamma","paramValue":0.0,"source":"manual","step":null}},"type":"parameter_msg"}
{"payload":{"local_timestamp":1730971516070,"message_id":35,"param":{"paramName":"hyp|fliplr","paramValue":0.5,"source":"manual","step":null}},"type":"parameter_msg"}
{"payload":{"local_timestamp":1730971516070,"message_id":36,"param":{"paramName":"hyp|flipud","paramValue":0.0,"source":"manual","step":null}},"type":"parameter_msg"}
{"payload":{"local_timestamp":1730971516070,"message_id":37,"param":{"paramName":"hyp|hsv_h","paramValue":0.015,"source":"manual","step":null}},"type":"parameter_msg"}
{"payload":{"local_timestamp":1730971516070,"message_id":38,"param":{"paramName":"hyp|hsv_s","paramValue":0.7,"source":"manual","step":null}},"type":"parameter_msg"}
{"payload":{"local_timestamp":1730971516070,"message_id":39,"param":{"paramName":"hyp|hsv_v","paramValue":0.4,"source":"manual","step":null}},"type":"parameter_msg"}
{"payload":{"local_timestamp":1730971516070,"message_id":40,"param":{"paramName":"hyp|iou_t","paramValue":0.2,"source":"manual","step":null}},"type":"parameter_msg"}
{"payload":{"local_timestamp":1730971516070,"message_id":41,"param":{"paramName":"hyp|lr0","paramValue":0.01,"source":"manual","step":null}},"type":"parameter_msg"}
{"payload":{"local_timestamp":1730971516070,"message_id":42,"param":{"paramName":"hyp|lrf","paramValue":0.01,"source":"manual","step":null}},"type":"parameter_msg"}
{"payload":{"local_timestamp":1730971516070,"message_id":43,"param":{"paramName":"hyp|mixup","paramValue":0.0,"source":"manual","step":null}},"type":"parameter_msg"}
{"payload":{"local_timestamp":1730971516070,"message_id":44,"param":{"paramName":"hyp|momentum","paramValue":0.937,"source":"manual","step":null}},"type":"parameter_msg"}
{"payload":{"local_timestamp":1730971516070,"message_id":45,"param":{"paramName":"hyp|mosaic","paramValue":1.0,"source":"manual","step":null}},"type":"parameter_msg"}
{"payload":{"local_timestamp":1730971516070,"message_id":46,"param":{"paramName":"hyp|obj","paramValue":1.0,"source":"manual","step":null}},"type":"parameter_msg"}
{"payload":{"local_timestamp":1730971516070,"message_id":47,"param":{"paramName":"hyp|obj_pw","paramValue":1.0,"source":"manual","step":null}},"type":"parameter_msg"}
{"payload":{"local_timestamp":1730971516070,"message_id":48,"param":{"paramName":"hyp|perspective","paramValue":0.0,"source":"manual","step":null}},"type":"parameter_msg"}
{"payload":{"local_timestamp":1730971516070,"message_id":49,"param":{"paramName":"hyp|scale","paramValue":0.5,"source":"manual","step":null}},"type":"parameter_msg"}
{"payload":{"local_timestamp":1730971516070,"message_id":50,"param":{"paramName":"hyp|shear","paramValue":0.0,"source":"manual","step":null}},"type":"parameter_msg"}
{"payload":{"local_timestamp":1730971516070,"message_id":51,"param":{"paramName":"hyp|translate","paramValue":0.1,"source":"manual","step":null}},"type":"parameter_msg"}
{"payload":{"local_timestamp":1730971516070,"message_id":52,"param":{"paramName":"hyp|warmup_bias_lr","paramValue":0.1,"source":"manual","step":null}},"type":"parameter_msg"}
{"payload":{"local_timestamp":1730971516070,"message_id":53,"param":{"paramName":"hyp|warmup_epochs","paramValue":3.0,"source":"manual","step":null}},"type":"parameter_msg"}
{"payload":{"local_timestamp":1730971516070,"message_id":54,"param":{"paramName":"hyp|warmup_momentum","paramValue":0.8,"source":"manual","step":null}},"type":"parameter_msg"}
{"payload":{"local_timestamp":1730971516070,"message_id":55,"param":{"paramName":"hyp|weight_decay","paramValue":0.0005,"source":"manual","step":null}},"type":"parameter_msg"}
{"payload":{"local_timestamp":1730971516070,"message_id":56,"param":{"paramName":"image_weights","paramValue":false,"source":"manual","step":null}},"type":"parameter_msg"}
{"payload":{"local_timestamp":1730971516070,"message_id":57,"param":{"paramName":"imgsz","paramValue":640,"source":"manual","step":null}},"type":"parameter_msg"}
{"payload":{"local_timestamp":1730971516070,"message_id":58,"param":{"paramName":"label_smoothing","paramValue":0.0,"source":"manual","step":null}},"type":"parameter_msg"}
{"payload":{"local_timestamp":1730971516070,"message_id":59,"param":{"paramName":"local_rank","paramValue":-1,"source":"manual","step":null}},"type":"parameter_msg"}
{"payload":{"local_timestamp":1730971516070,"message_id":60,"param":{"paramName":"multi_scale","paramValue":false,"source":"manual","step":null}},"type":"parameter_msg"}
{"payload":{"local_timestamp":1730971516070,"message_id":61,"param":{"paramName":"name","paramValue":"exp","source":"manual","step":null}},"type":"parameter_msg"}
{"payload":{"local_timestamp":1730971516070,"message_id":62,"param":{"paramName":"ndjson_console","paramValue":false,"source":"manual","step":null}},"type":"parameter_msg"}
{"payload":{"local_timestamp":1730971516070,"message_id":63,"param":{"paramName":"ndjson_file","paramValue":false,"source":"manual","step":null}},"type":"parameter_msg"}
{"payload":{"local_timestamp":1730971516070,"message_id":64,"param":{"paramName":"noautoanchor","paramValue":false,"source":"manual","step":null}},"type":"parameter_msg"}
{"payload":{"local_timestamp":1730971516070,"message_id":65,"param":{"paramName":"noplots","paramValue":false,"source":"manual","step":null}},"type":"parameter_msg"}
{"payload":{"local_timestamp":1730971516070,"message_id":66,"param":{"paramName":"nosave","paramValue":false,"source":"manual","step":null}},"type":"parameter_msg"}
{"payload":{"local_timestamp":1730971516070,"message_id":67,"param":{"paramName":"noval","paramValue":false,"source":"manual","step":null}},"type":"parameter_msg"}
{"payload":{"local_timestamp":1730971516070,"message_id":68,"param":{"paramName":"optimizer","paramValue":"SGD","source":"manual","step":null}},"type":"parameter_msg"}
{"payload":{"local_timestamp":1730971516070,"message_id":69,"param":{"paramName":"patience","paramValue":100,"source":"manual","step":null}},"type":"parameter_msg"}
{"payload":{"local_timestamp":1730971516070,"message_id":70,"param":{"paramName":"project","paramValue":"runs\\train","source":"manual","step":null}},"type":"parameter_msg"}
{"payload":{"local_timestamp":1730971516070,"message_id":71,"param":{"paramName":"quad","paramValue":false,"source":"manual","step":null}},"type":"parameter_msg"}
{"payload":{"local_timestamp":1730971516070,"message_id":72,"param":{"paramName":"rect","paramValue":false,"source":"manual","step":null}},"type":"parameter_msg"}
{"payload":{"local_timestamp":1730971516070,"message_id":73,"param":{"paramName":"resume","paramValue":false,"source":"manual","step":null}},"type":"parameter_msg"}
{"payload":{"local_timestamp":1730971516070,"message_id":74,"param":{"paramName":"resume_evolve","paramValue":null,"source":"manual","step":null}},"type":"parameter_msg"}
{"payload":{"local_timestamp":1730971516070,"message_id":75,"param":{"paramName":"save_dir","paramValue":"runs\\train\\exp3","source":"manual","step":null}},"type":"parameter_msg"}
{"payload":{"local_timestamp":1730971516070,"message_id":76,"param":{"paramName":"save_period","paramValue":-1,"source":"manual","step":null}},"type":"parameter_msg"}
{"payload":{"local_timestamp":1730971516070,"message_id":77,"param":{"paramName":"seed","paramValue":0,"source":"manual","step":null}},"type":"parameter_msg"}
{"payload":{"local_timestamp":1730971516070,"message_id":78,"param":{"paramName":"single_cls","paramValue":false,"source":"manual","step":null}},"type":"parameter_msg"}
{"payload":{"local_timestamp":1730971516070,"message_id":79,"param":{"paramName":"sync_bn","paramValue":false,"source":"manual","step":null}},"type":"parameter_msg"}
{"payload":{"local_timestamp":1730971516070,"message_id":80,"param":{"paramName":"upload_dataset","paramValue":false,"source":"manual","step":null}},"type":"parameter_msg"}
{"payload":{"local_timestamp":1730971516070,"message_id":81,"param":{"paramName":"workers","paramValue":8,"source":"manual","step":null}},"type":"parameter_msg"}
{"payload":{"local_timestamp":1730971516070,"message_id":82,"param":{"paramName":"anchor_t","paramValue":4.0,"source":"manual","step":null}},"type":"parameter_msg"}
{"payload":{"local_timestamp":1730971516070,"message_id":83,"param":{"paramName":"box","paramValue":0.05,"source":"manual","step":null}},"type":"parameter_msg"}
{"payload":{"local_timestamp":1730971516070,"message_id":84,"param":{"paramName":"cls","paramValue":0.5,"source":"manual","step":null}},"type":"parameter_msg"}
{"payload":{"local_timestamp":1730971516070,"message_id":85,"param":{"paramName":"cls_pw","paramValue":1.0,"source":"manual","step":null}},"type":"parameter_msg"}
{"payload":{"local_timestamp":1730971516070,"message_id":86,"param":{"paramName":"copy_paste","paramValue":0.0,"source":"manual","step":null}},"type":"parameter_msg"}
{"payload":{"local_timestamp":1730971516070,"message_id":87,"param":{"paramName":"degrees","paramValue":0.0,"source":"manual","step":null}},"type":"parameter_msg"}
{"payload":{"local_timestamp":1730971516070,"message_id":88,"param":{"paramName":"fl_gamma","paramValue":0.0,"source":"manual","step":null}},"type":"parameter_msg"}
{"payload":{"local_timestamp":1730971516070,"message_id":89,"param":{"paramName":"fliplr","paramValue":0.5,"source":"manual","step":null}},"type":"parameter_msg"}
{"payload":{"local_timestamp":1730971516070,"message_id":90,"param":{"paramName":"flipud","paramValue":0.0,"source":"manual","step":null}},"type":"parameter_msg"}
{"payload":{"local_timestamp":1730971516070,"message_id":91,"param":{"paramName":"hsv_h","paramValue":0.015,"source":"manual","step":null}},"type":"parameter_msg"}
{"payload":{"local_timestamp":1730971516070,"message_id":92,"param":{"paramName":"hsv_s","paramValue":0.7,"source":"manual","step":null}},"type":"parameter_msg"}
{"payload":{"local_timestamp":1730971516070,"message_id":93,"param":{"paramName":"hsv_v","paramValue":0.4,"source":"manual","step":null}},"type":"parameter_msg"}
{"payload":{"local_timestamp":1730971516070,"message_id":94,"param":{"paramName":"iou_t","paramValue":0.2,"source":"manual","step":null}},"type":"parameter_msg"}
{"payload":{"local_timestamp":1730971516070,"message_id":95,"param":{"paramName":"lr0","paramValue":0.01,"source":"manual","step":null}},"type":"parameter_msg"}
{"payload":{"local_timestamp":1730971516070,"message_id":96,"param":{"paramName":"lrf","paramValue":0.01,"source":"manual","step":null}},"type":"parameter_msg"}
{"payload":{"local_timestamp":1730971516070,"message_id":97,"param":{"paramName":"mixup","paramValue":0.0,"source":"manual","step":null}},"type":"parameter_msg"}
{"payload":{"local_timestamp":1730971516070,"message_id":98,"param":{"paramName":"momentum","paramValue":0.937,"source":"manual","step":null}},"type":"parameter_msg"}
{"payload":{"local_timestamp":1730971516070,"message_id":99,"param":{"paramName":"mosaic","paramValue":1.0,"source":"manual","step":null}},"type":"parameter_msg"}
{"payload":{"local_timestamp":1730971516070,"message_id":100,"param":{"paramName":"obj","paramValue":1.0,"source":"manual","step":null}},"type":"parameter_msg"}
{"payload":{"local_timestamp":1730971516070,"message_id":101,"param":{"paramName":"obj_pw","paramValue":1.0,"source":"manual","step":null}},"type":"parameter_msg"}
{"payload":{"local_timestamp":1730971516070,"message_id":102,"param":{"paramName":"perspective","paramValue":0.0,"source":"manual","step":null}},"type":"parameter_msg"}
{"payload":{"local_timestamp":1730971516070,"message_id":103,"param":{"paramName":"scale","paramValue":0.5,"source":"manual","step":null}},"type":"parameter_msg"}
{"payload":{"local_timestamp":1730971516070,"message_id":104,"param":{"paramName":"shear","paramValue":0.0,"source":"manual","step":null}},"type":"parameter_msg"}
{"payload":{"local_timestamp":1730971516070,"message_id":105,"param":{"paramName":"translate","paramValue":0.1,"source":"manual","step":null}},"type":"parameter_msg"}
{"payload":{"local_timestamp":1730971516070,"message_id":106,"param":{"paramName":"warmup_bias_lr","paramValue":0.1,"source":"manual","step":null}},"type":"parameter_msg"}
{"payload":{"local_timestamp":1730971516070,"message_id":107,"param":{"paramName":"warmup_epochs","paramValue":3.0,"source":"manual","step":null}},"type":"parameter_msg"}
{"payload":{"local_timestamp":1730971516070,"message_id":108,"param":{"paramName":"warmup_momentum","paramValue":0.8,"source":"manual","step":null}},"type":"parameter_msg"}
{"payload":{"local_timestamp":1730971516070,"message_id":109,"param":{"paramName":"weight_decay","paramValue":0.0005,"source":"manual","step":null}},"type":"parameter_msg"}
{"payload":{"additional_params":{"assetId":"ed8a598008ee41d5bca4f298b91ba17f","context":null,"epoch":null,"extension":"json","fileName":"hyperparameters.json","overwrite":false,"runId":null,"step":null},"clean":true,"file_path":"tmp370xt2vc","local_timestamp":1730971516081,"message_id":110,"metadata":{"type":"hyp-config-file"},"upload_type":"asset"},"type":"file_upload"}
{"payload":{"local_timestamp":1730971516072,"message_id":111,"metric":{"epoch":null,"metricName":"sys.gpu.0.gpu_utilization","metricValue":4,"step":null}},"type":"metric_msg"}
{"payload":{"local_timestamp":1730971516072,"message_id":112,"metric":{"epoch":null,"metricName":"sys.gpu.0.power_usage","metricValue":44580,"step":null}},"type":"metric_msg"}
{"payload":{"local_timestamp":1730971516072,"message_id":113,"metric":{"epoch":null,"metricName":"sys.gpu.0.temperature","metricValue":31,"step":null}},"type":"metric_msg"}
{"payload":{"local_timestamp":1730971516072,"message_id":114,"metric":{"epoch":null,"metricName":"sys.gpu.0.memory_utilization","metricValue":3,"step":null}},"type":"metric_msg"}
{"payload":{"local_timestamp":1730971516072,"message_id":115,"metric":{"epoch":null,"metricName":"sys.gpu.0.free_memory","metricValue":7663882240,"step":null}},"type":"metric_msg"}
{"payload":{"local_timestamp":1730971516072,"message_id":116,"metric":{"epoch":null,"metricName":"sys.gpu.0.used_memory","metricValue":926052352,"step":null}},"type":"metric_msg"}
{"payload":{"local_timestamp":1730971516072,"message_id":117,"metric":{"epoch":null,"metricName":"sys.gpu.0.percent.used_memory","metricValue":10.780668258666992,"step":null}},"type":"metric_msg"}
{"payload":{"additional_params":{"assetId":"b375df2951ff4429a41bbaf8c010681c","context":null,"extension":"yaml","fileName":"opt.yaml","overwrite":false,"runId":null,"step":null},"clean":true,"file_path":"tmpt1yhm0cw","local_timestamp":1730971516082,"message_id":118,"metadata":{"type":"opt-config-file"},"upload_type":"asset"},"type":"file_upload"}
{"payload":{"local_timestamp":1730971516083,"message_id":119,"param":{"paramName":"val_conf_threshold","paramValue":0.001,"source":"manual","step":null}},"type":"parameter_msg"}
{"payload":{"local_timestamp":1730971516083,"message_id":120,"param":{"paramName":"val_iou_threshold","paramValue":0.6,"source":"manual","step":null}},"type":"parameter_msg"}
{"payload":{"key":"comet_mode","message_id":121,"value":"online"},"type":"log_other"}
{"payload":{"key":"comet_max_image_uploads","message_id":122,"value":100},"type":"log_other"}
{"payload":{"key":"comet_log_per_class_metrics","message_id":123,"value":false},"type":"log_other"}
{"payload":{"key":"comet_log_batch_metrics","message_id":124,"value":false},"type":"log_other"}
{"payload":{"key":"comet_log_confusion_matrix","message_id":125,"value":true},"type":"log_other"}
{"payload":{"key":"comet_model_name","message_id":126,"value":"yolov5"},"type":"log_other"}
{"payload":{"local_timestamp":1730971516100,"message_id":127,"output":"\u001b[1;38;5;39mCOMET INFO:\u001b[0m Couldn't find a Git repository in 'C:\\\\Users\\\\TaeSan\\\\Desktop\\\\sang,tae_jetson\\\\yolov5-master' nor in any parent directory. Set `COMET_GIT_DIRECTORY` if your Git Repository is elsewhere.\n","stderr":true},"type":"standard_output"}
{"payload":{"local_timestamp":1730971516334,"message_id":128,"metric":{"epoch":null,"metricName":"sys.cpu.percent.avg","metricValue":0.0,"step":null}},"type":"metric_msg"}
{"payload":{"local_timestamp":1730971516334,"message_id":129,"metric":{"epoch":null,"metricName":"sys.ram.total","metricValue":51392667648,"step":null}},"type":"metric_msg"}
{"payload":{"local_timestamp":1730971516334,"message_id":130,"metric":{"epoch":null,"metricName":"sys.ram.used","metricValue":10130395136,"step":null}},"type":"metric_msg"}
{"payload":{"local_timestamp":1730971516334,"message_id":131,"metric":{"epoch":null,"metricName":"sys.ram.available","metricValue":41262272512,"step":null}},"type":"metric_msg"}
{"payload":{"local_timestamp":1730971516334,"message_id":132,"metric":{"epoch":null,"metricName":"sys.ram.percent.used","metricValue":19.7,"step":null}},"type":"metric_msg"}
{"payload":{"local_timestamp":1730971516334,"message_id":133,"metric":{"epoch":null,"metricName":"sys.load.avg","metricValue":0.0,"step":null}},"type":"metric_msg"}
{"payload":{"local_timestamp":1730971516394,"message_id":134,"output":"Downloading https://github.com/ultralytics/yolov5/releases/download/v7.0/yolov5s.pt to yolov5s.pt...\n","stderr":true},"type":"standard_output"}
{"payload":{"local_timestamp":1730971516915,"message_id":135,"output":"\r  0%|                                                                                                                                                        | 0.00/14.1M [00:00<?, ?B/s]","stderr":true},"type":"standard_output"}
{"payload":{"local_timestamp":1730971517017,"message_id":136,"output":"\r  8%|\u2588\u2588\u2588\u2588\u2588\u2588\u2588\u2588\u2588\u2588\u2588\u258d                                                                                                                                   | 1.12M/14.1M [00:00<00:01, 11.5MB/s]","stderr":true},"type":"standard_output"}
{"payload":{"local_timestamp":1730971517120,"message_id":137,"output":"\r 16%|\u2588\u2588\u2588\u2588\u2588\u2588\u2588\u2588\u2588\u2588\u2588\u2588\u2588\u2588\u2588\u2588\u2588\u2588\u2588\u2588\u2588\u2588\u258a                                                                                                                        | 2.25M/14.1M [00:00<00:01, 11.5MB/s]","stderr":true},"type":"standard_output"}
{"payload":{"local_timestamp":1730971517223,"message_id":138,"output":"\r 24%|\u2588\u2588\u2588\u2588\u2588\u2588\u2588\u2588\u2588\u2588\u2588\u2588\u2588\u2588\u2588\u2588\u2588\u2588\u2588\u2588\u2588\u2588\u2588\u2588\u2588\u2588\u2588\u2588\u2588\u2588\u2588\u2588\u2588\u2588\u258f                                                                                                            | 3.38M/14.1M [00:00<00:00, 11.5MB/s]","stderr":true},"type":"standard_output"}
{"payload":{"local_timestamp":1730971517325,"message_id":139,"output":"\r 32%|\u2588\u2588\u2588\u2588\u2588\u2588\u2588\u2588\u2588\u2588\u2588\u2588\u2588\u2588\u2588\u2588\u2588\u2588\u2588\u2588\u2588\u2588\u2588\u2588\u2588\u2588\u2588\u2588\u2588\u2588\u2588\u2588\u2588\u2588\u2588\u2588\u2588\u2588\u2588\u2588\u2588\u2588\u2588\u2588\u2588\u258c                                                                                                 | 4.50M/14.1M [00:00<00:00, 11.5MB/s]","stderr":true},"type":"standard_output"}
{"payload":{"local_timestamp":1730971517428,"message_id":140,"output":"\r 40%|\u2588\u2588\u2588\u2588\u2588\u2588\u2588\u2588\u2588\u2588\u2588\u2588\u2588\u2588\u2588\u2588\u2588\u2588\u2588\u2588\u2588\u2588\u2588\u2588\u2588\u2588\u2588\u2588\u2588\u2588\u2588\u2588\u2588\u2588\u2588\u2588\u2588\u2588\u2588\u2588\u2588\u2588\u2588\u2588\u2588\u2588\u2588\u2588\u2588\u2588\u2588\u2588\u2588\u2588\u2588\u2588\u2589                                                                                      | 5.62M/14.1M [00:00<00:00, 11.5MB/s]","stderr":true},"type":"standard_output"}
{"payload":{"local_timestamp":1730971517534,"message_id":141,"output":"\r 48%|\u2588\u2588\u2588\u2588\u2588\u2588\u2588\u2588\u2588\u2588\u2588\u2588\u2588\u2588\u2588\u2588\u2588\u2588\u2588\u2588\u2588\u2588\u2588\u2588\u2588\u2588\u2588\u2588\u2588\u2588\u2588\u2588\u2588\u2588\u2588\u2588\u2588\u2588\u2588\u2588\u2588\u2588\u2588\u2588\u2588\u2588\u2588\u2588\u2588\u2588\u2588\u2588\u2588\u2588\u2588\u2588\u2588\u2588\u2588\u2588\u2588\u2588\u2588\u2588\u2588\u2588\u2588\u2588\u258e                                                                          | 6.75M/14.1M [00:00<00:00, 11.4MB/s]","stderr":true},"type":"standard_output"}
{"payload":{"local_timestamp":1730971517633,"message_id":142,"output":"\r 56%|\u2588\u2588\u2588\u2588\u2588\u2588\u2588\u2588\u2588\u2588\u2588\u2588\u2588\u2588\u2588\u2588\u2588\u2588\u2588\u2588\u2588\u2588\u2588\u2588\u2588\u2588\u2588\u2588\u2588\u2588\u2588\u2588\u2588\u2588\u2588\u2588\u2588\u2588\u2588\u2588\u2588\u2588\u2588\u2588\u2588\u2588\u2588\u2588\u2588\u2588\u2588\u2588\u2588\u2588\u2588\u2588\u2588\u2588\u2588\u2588\u2588\u2588\u2588\u2588\u2588\u2588\u2588\u2588\u2588\u2588\u2588\u2588\u2588\u2588\u2588\u2588\u2588\u2588\u2588\u258b                                                               | 7.88M/14.1M [00:00<00:00, 11.5MB/s]","stderr":true},"type":"standard_output"}
{"payload":{"local_timestamp":1730971517736,"message_id":143,"output":"\r 64%|\u2588\u2588\u2588\u2588\u2588\u2588\u2588\u2588\u2588\u2588\u2588\u2588\u2588\u2588\u2588\u2588\u2588\u2588\u2588\u2588\u2588\u2588\u2588\u2588\u2588\u2588\u2588\u2588\u2588\u2588\u2588\u2588\u2588\u2588\u2588\u2588\u2588\u2588\u2588\u2588\u2588\u2588\u2588\u2588\u2588\u2588\u2588\u2588\u2588\u2588\u2588\u2588\u2588\u2588\u2588\u2588\u2588\u2588\u2588\u2588\u2588\u2588\u2588\u2588\u2588\u2588\u2588\u2588\u2588\u2588\u2588\u2588\u2588\u2588\u2588\u2588\u2588\u2588\u2588\u2588\u2588\u2588\u2588\u2588\u2588\u2588\u2588\u2588\u2588\u2588\u2588\u258f                                                   | 9.00M/14.1M [00:00<00:00, 11.5MB/s]","stderr":true},"type":"standard_output"}
{"payload":{"local_timestamp":1730971517839,"message_id":144,"output":"\r 72%|\u2588\u2588\u2588\u2588\u2588\u2588\u2588\u2588\u2588\u2588\u2588\u2588\u2588\u2588\u2588\u2588\u2588\u2588\u2588\u2588\u2588\u2588\u2588\u2588\u2588\u2588\u2588\u2588\u2588\u2588\u2588\u2588\u2588\u2588\u2588\u2588\u2588\u2588\u2588\u2588\u2588\u2588\u2588\u2588\u2588\u2588\u2588\u2588\u2588\u2588\u2588\u2588\u2588\u2588\u2588\u2588\u2588\u2588\u2588\u2588\u2588\u2588\u2588\u2588\u2588\u2588\u2588\u2588\u2588\u2588\u2588\u2588\u2588\u2588\u2588\u2588\u2588\u2588\u2588\u2588\u2588\u2588\u2588\u2588\u2588\u2588\u2588\u2588\u2588\u2588\u2588\u2588\u2588\u2588\u2588\u2588\u2588\u2588\u2588\u2588\u2588\u2588\u258c                                        | 10.1M/14.1M [00:00<00:00, 11.5MB/s]","stderr":true},"type":"standard_output"}
{"payload":{"local_timestamp":1730971517942,"message_id":145,"output":"\r 80%|\u2588\u2588\u2588\u2588\u2588\u2588\u2588\u2588\u2588\u2588\u2588\u2588\u2588\u2588\u2588\u2588\u2588\u2588\u2588\u2588\u2588\u2588\u2588\u2588\u2588\u2588\u2588\u2588\u2588\u2588\u2588\u2588\u2588\u2588\u2588\u2588\u2588\u2588\u2588\u2588\u2588\u2588\u2588\u2588\u2588\u2588\u2588\u2588\u2588\u2588\u2588\u2588\u2588\u2588\u2588\u2588\u2588\u2588\u2588\u2588\u2588\u2588\u2588\u2588\u2588\u2588\u2588\u2588\u2588\u2588\u2588\u2588\u2588\u2588\u2588\u2588\u2588\u2588\u2588\u2588\u2588\u2588\u2588\u2588\u2588\u2588\u2588\u2588\u2588\u2588\u2588\u2588\u2588\u2588\u2588\u2588\u2588\u2588\u2588\u2588\u2588\u2588\u2588\u2588\u2588\u2588\u2588\u2588\u2588\u2588\u2588\u2588\u2588\u2589                             | 11.2M/14.1M [00:01<00:00, 11.5MB/s]","stderr":true},"type":"standard_output"}
{"payload":{"local_timestamp":1730971518045,"message_id":146,"output":"\r 88%|\u2588\u2588\u2588\u2588\u2588\u2588\u2588\u2588\u2588\u2588\u2588\u2588\u2588\u2588\u2588\u2588\u2588\u2588\u2588\u2588\u2588\u2588\u2588\u2588\u2588\u2588\u2588\u2588\u2588\u2588\u2588\u2588\u2588\u2588\u2588\u2588\u2588\u2588\u2588\u2588\u2588\u2588\u2588\u2588\u2588\u2588\u2588\u2588\u2588\u2588\u2588\u2588\u2588\u2588\u2588\u2588\u2588\u2588\u2588\u2588\u2588\u2588\u2588\u2588\u2588\u2588\u2588\u2588\u2588\u2588\u2588\u2588\u2588\u2588\u2588\u2588\u2588\u2588\u2588\u2588\u2588\u2588\u2588\u2588\u2588\u2588\u2588\u2588\u2588\u2588\u2588\u2588\u2588\u2588\u2588\u2588\u2588\u2588\u2588\u2588\u2588\u2588\u2588\u2588\u2588\u2588\u2588\u2588\u2588\u2588\u2588\u2588\u2588\u2588\u2588\u2588\u2588\u2588\u2588\u2588\u2588\u2588\u2588\u2588\u2588\u258e                 | 12.4M/14.1M [00:01<00:00, 11.5MB/s]","stderr":true},"type":"standard_output"}
{"payload":{"local_timestamp":1730971518148,"message_id":147,"output":"\r 96%|\u2588\u2588\u2588\u2588\u2588\u2588\u2588\u2588\u2588\u2588\u2588\u2588\u2588\u2588\u2588\u2588\u2588\u2588\u2588\u2588\u2588\u2588\u2588\u2588\u2588\u2588\u2588\u2588\u2588\u2588\u2588\u2588\u2588\u2588\u2588\u2588\u2588\u2588\u2588\u2588\u2588\u2588\u2588\u2588\u2588\u2588\u2588\u2588\u2588\u2588\u2588\u2588\u2588\u2588\u2588\u2588\u2588\u2588\u2588\u2588\u2588\u2588\u2588\u2588\u2588\u2588\u2588\u2588\u2588\u2588\u2588\u2588\u2588\u2588\u2588\u2588\u2588\u2588\u2588\u2588\u2588\u2588\u2588\u2588\u2588\u2588\u2588\u2588\u2588\u2588\u2588\u2588\u2588\u2588\u2588\u2588\u2588\u2588\u2588\u2588\u2588\u2588\u2588\u2588\u2588\u2588\u2588\u2588\u2588\u2588\u2588\u2588\u2588\u2588\u2588\u2588\u2588\u2588\u2588\u2588\u2588\u2588\u2588\u2588\u2588\u2588\u2588\u2588\u2588\u2588\u2588\u2588\u2588\u2588\u2588\u2588\u258b      | 13.5M/14.1M [00:01<00:00, 11.5MB/s]","stderr":true},"type":"standard_output"}
{"payload":{"local_timestamp":1730971518205,"message_id":148,"output":"\r100%|\u2588\u2588\u2588\u2588\u2588\u2588\u2588\u2588\u2588\u2588\u2588\u2588\u2588\u2588\u2588\u2588\u2588\u2588\u2588\u2588\u2588\u2588\u2588\u2588\u2588\u2588\u2588\u2588\u2588\u2588\u2588\u2588\u2588\u2588\u2588\u2588\u2588\u2588\u2588\u2588\u2588\u2588\u2588\u2588\u2588\u2588\u2588\u2588\u2588\u2588\u2588\u2588\u2588\u2588\u2588\u2588\u2588\u2588\u2588\u2588\u2588\u2588\u2588\u2588\u2588\u2588\u2588\u2588\u2588\u2588\u2588\u2588\u2588\u2588\u2588\u2588\u2588\u2588\u2588\u2588\u2588\u2588\u2588\u2588\u2588\u2588\u2588\u2588\u2588\u2588\u2588\u2588\u2588\u2588\u2588\u2588\u2588\u2588\u2588\u2588\u2588\u2588\u2588\u2588\u2588\u2588\u2588\u2588\u2588\u2588\u2588\u2588\u2588\u2588\u2588\u2588\u2588\u2588\u2588\u2588\u2588\u2588\u2588\u2588\u2588\u2588\u2588\u2588\u2588\u2588\u2588\u2588\u2588\u2588\u2588\u2588\u2588\u2588\u2588\u2588\u2588\u2588\u2588| 14.1M/14.1M [00:01<00:00, 11.5MB/s]","stderr":true},"type":"standard_output"}
{"payload":{"local_timestamp":1730971518206,"message_id":149,"output":"\n","stderr":true},"type":"standard_output"}
{"payload":{"local_timestamp":1730971518208,"message_id":150,"output":"\n","stderr":true},"type":"standard_output"}
{"payload":{"local_timestamp":1730971518252,"message_id":151,"output":"Overriding model.yaml nc=80 with nc=1\n","stderr":true},"type":"standard_output"}
{"payload":{"local_timestamp":1730971518252,"message_id":152,"output":"\n                 from  n    params  module                                  arguments                     \n","stderr":true},"type":"standard_output"}
{"payload":{"local_timestamp":1730971518256,"message_id":153,"output":"  0                -1  1      3520  models.common.Conv                      [3, 32, 6, 2, 2]              \n","stderr":true},"type":"standard_output"}
{"payload":{"local_timestamp":1730971518257,"message_id":154,"output":"  1                -1  1     18560  models.common.Conv                      [32, 64, 3, 2]                \n","stderr":true},"type":"standard_output"}
{"payload":{"local_timestamp":1730971518258,"message_id":155,"output":"  2                -1  1     18816  models.common.C3                        [64, 64, 1]                   \n","stderr":true},"type":"standard_output"}
{"payload":{"local_timestamp":1730971518261,"message_id":156,"output":"  3                -1  1     73984  models.common.Conv                      [64, 128, 3, 2]               \n","stderr":true},"type":"standard_output"}
{"payload":{"local_timestamp":1730971518263,"message_id":157,"output":"  4                -1  2    115712  models.common.C3                        [128, 128, 2]                 \n","stderr":true},"type":"standard_output"}
{"payload":{"local_timestamp":1730971518265,"message_id":158,"output":"  5                -1  1    295424  models.common.Conv                      [128, 256, 3, 2]              \n","stderr":true},"type":"standard_output"}
{"payload":{"local_timestamp":1730971518272,"message_id":159,"output":"  6                -1  3    625152  models.common.C3                        [256, 256, 3]                 \n","stderr":true},"type":"standard_output"}
{"payload":{"local_timestamp":1730971518279,"message_id":160,"output":"  7                -1  1   1180672  models.common.Conv                      [256, 512, 3, 2]              \n","stderr":true},"type":"standard_output"}
{"payload":{"local_timestamp":1730971518288,"message_id":161,"output":"  8                -1  1   1182720  models.common.C3                        [512, 512, 1]                 \n","stderr":true},"type":"standard_output"}
{"payload":{"local_timestamp":1730971518292,"message_id":162,"output":"  9                -1  1    656896  models.common.SPPF                      [512, 512, 5]                 \n","stderr":true},"type":"standard_output"}
{"payload":{"local_timestamp":1730971518293,"message_id":163,"output":" 10                -1  1    131584  models.common.Conv                      [512, 256, 1, 1]              \n","stderr":true},"type":"standard_output"}
{"payload":{"local_timestamp":1730971518293,"message_id":164,"output":" 11                -1  1         0  torch.nn.modules.upsampling.Upsample    [None, 2, 'nearest']          \n","stderr":true},"type":"standard_output"}
{"payload":{"local_timestamp":1730971518293,"message_id":165,"output":" 12           [-1, 6]  1         0  models.common.Concat                    [1]                           \n","stderr":true},"type":"standard_output"}
{"payload":{"local_timestamp":1730971518296,"message_id":166,"output":" 13                -1  1    361984  models.common.C3                        [512, 256, 1, False]          \n","stderr":true},"type":"standard_output"}
{"payload":{"local_timestamp":1730971518296,"message_id":167,"output":" 14                -1  1     33024  models.common.Conv                      [256, 128, 1, 1]              \n","stderr":true},"type":"standard_output"}
{"payload":{"local_timestamp":1730971518297,"message_id":168,"output":" 15                -1  1         0  torch.nn.modules.upsampling.Upsample    [None, 2, 'nearest']          \n","stderr":true},"type":"standard_output"}
{"payload":{"local_timestamp":1730971518297,"message_id":169,"output":" 16           [-1, 4]  1         0  models.common.Concat                    [1]                           \n","stderr":true},"type":"standard_output"}
{"payload":{"local_timestamp":1730971518299,"message_id":170,"output":" 17                -1  1     90880  models.common.C3                        [256, 128, 1, False]          \n","stderr":true},"type":"standard_output"}
{"payload":{"local_timestamp":1730971518301,"message_id":171,"output":" 18                -1  1    147712  models.common.Conv                      [128, 128, 3, 2]              \n","stderr":true},"type":"standard_output"}
{"payload":{"local_timestamp":1730971518301,"message_id":172,"output":" 19          [-1, 14]  1         0  models.common.Concat                    [1]                           \n","stderr":true},"type":"standard_output"}
{"payload":{"local_timestamp":1730971518304,"message_id":173,"output":" 20                -1  1    296448  models.common.C3                        [256, 256, 1, False]          \n","stderr":true},"type":"standard_output"}
{"payload":{"local_timestamp":1730971518308,"message_id":174,"output":" 21                -1  1    590336  models.common.Conv                      [256, 256, 3, 2]              \n","stderr":true},"type":"standard_output"}
{"payload":{"local_timestamp":1730971518308,"message_id":175,"output":" 22          [-1, 10]  1         0  models.common.Concat                    [1]                           \n","stderr":true},"type":"standard_output"}
{"payload":{"local_timestamp":1730971518316,"message_id":176,"output":" 23                -1  1   1182720  models.common.C3                        [512, 512, 1, False]          \n","stderr":true},"type":"standard_output"}
{"payload":{"local_timestamp":1730971518318,"message_id":177,"output":" 24      [17, 20, 23]  1     16182  models.yolo.Detect                      [1, [[10, 13, 16, 30, 33, 23], [30, 61, 62, 45, 59, 119], [116, 90, 156, 198, 373, 326]], [128, 256, 512]]\n","stderr":true},"type":"standard_output"}
{"payload":{"local_timestamp":1730971518471,"message_id":178,"output":"Model summary: 214 layers, 7022326 parameters, 7022326 gradients, 15.9 GFLOPs\n","stderr":true},"type":"standard_output"}
{"payload":{"local_timestamp":1730971518471,"message_id":179,"output":"\n","stderr":true},"type":"standard_output"}
{"payload":{"local_timestamp":1730971518684,"message_id":180,"output":"Transferred 343/349 items from yolov5s.pt\n","stderr":true},"type":"standard_output"}
{"payload":{"local_timestamp":1730971518761,"message_id":181,"output":"C:\\Users\\TaeSan\\Desktop\\sang,tae_jetson\\yolov5-master\\models\\common.py:892: FutureWarning: `torch.cuda.amp.autocast(args...)` is deprecated. Please use `torch.amp.autocast('cuda', args...)` instead.\n  with amp.autocast(autocast):\n","stderr":true},"type":"standard_output"}
{"payload":{"local_timestamp":1730971519164,"message_id":182,"output":"C:\\Users\\TaeSan\\Desktop\\sang,tae_jetson\\yolov5-master\\models\\common.py:892: FutureWarning: `torch.cuda.amp.autocast(args...)` is deprecated. Please use `torch.amp.autocast('cuda', args...)` instead.\n  with amp.autocast(autocast):\n","stderr":true},"type":"standard_output"}
{"payload":{"local_timestamp":1730971519436,"message_id":183,"output":"\u001b[34m\u001b[1mAMP: \u001b[0mchecks passed \n","stderr":true},"type":"standard_output"}
{"payload":{"local_timestamp":1730971519438,"message_id":184,"output":"\u001b[34m\u001b[1moptimizer:\u001b[0m SGD(lr=0.01) with parameter groups 57 weight(decay=0.0), 60 weight(decay=0.0005), 60 bias\n","stderr":true},"type":"standard_output"}
{"payload":{"local_timestamp":1730971519507,"message_id":185,"output":"\r\u001b[34m\u001b[1mtrain: \u001b[0mScanning C:\\Users\\TaeSan\\Desktop\\sang,tae_jetson\\yolov5-master\\data\\train\\labels...:   0%|          | 0/377 [00:00<?, ?it/s]\u001b[0m","stderr":true},"type":"standard_output"}
{"payload":{"local_timestamp":1730971528948,"message_id":186,"output":"\r\u001b[34m\u001b[1mtrain: \u001b[0mScanning C:\\Users\\TaeSan\\Desktop\\sang,tae_jetson\\yolov5-master\\data\\train\\labels... 1 images, 0 backgrounds, 0 corrupt:   0%|          | 1/377 [00:09<59:09,  9.44s/it]\u001b[0m","stderr":true},"type":"standard_output"}
{"payload":{"local_timestamp":1730971529053,"message_id":187,"output":"\r\u001b[34m\u001b[1mtrain: \u001b[0mScanning C:\\Users\\TaeSan\\Desktop\\sang,tae_jetson\\yolov5-master\\data\\train\\labels... 23 images, 0 backgrounds, 0 corrupt:   6%|\u258c         | 23/377 [00:09<01:44,  3.38it/s]\u001b[0m","stderr":true},"type":"standard_output"}
{"payload":{"local_timestamp":1730971529157,"message_id":188,"output":"\r\u001b[34m\u001b[1mtrain: \u001b[0mScanning C:\\Users\\TaeSan\\Desktop\\sang,tae_jetson\\yolov5-master\\data\\train\\labels... 92 images, 0 backgrounds, 0 corrupt:  24%|\u2588\u2588\u258d       | 92/377 [00:09<00:16, 17.68it/s]\u001b[0m","stderr":true},"type":"standard_output"}
{"payload":{"local_timestamp":1730971529258,"message_id":189,"output":"\r\u001b[34m\u001b[1mtrain: \u001b[0mScanning C:\\Users\\TaeSan\\Desktop\\sang,tae_jetson\\yolov5-master\\data\\train\\labels... 170 images, 0 backgrounds, 0 corrupt:  45%|\u2588\u2588\u2588\u2588\u258c     | 170/377 [00:09<00:05, 39.67it/s]\u001b[0m","stderr":true},"type":"standard_output"}
{"payload":{"local_timestamp":1730971529361,"message_id":190,"output":"\r\u001b[34m\u001b[1mtrain: \u001b[0mScanning C:\\Users\\TaeSan\\Desktop\\sang,tae_jetson\\yolov5-master\\data\\train\\labels... 253 images, 0 backgrounds, 0 corrupt:  67%|\u2588\u2588\u2588\u2588\u2588\u2588\u258b   | 253/377 [00:09<00:01, 70.91it/s]\u001b[0m","stderr":true},"type":"standard_output"}
{"payload":{"local_timestamp":1730971529465,"message_id":191,"output":"\r\u001b[34m\u001b[1mtrain: \u001b[0mScanning C:\\Users\\TaeSan\\Desktop\\sang,tae_jetson\\yolov5-master\\data\\train\\labels... 336 images, 1 backgrounds, 0 corrupt:  89%|\u2588\u2588\u2588\u2588\u2588\u2588\u2588\u2588\u2589 | 336/377 [00:09<00:00, 111.29it/s]\u001b[0m","stderr":true},"type":"standard_output"}
{"payload":{"local_timestamp":1730971529512,"message_id":192,"output":"\r\u001b[34m\u001b[1mtrain: \u001b[0mScanning C:\\Users\\TaeSan\\Desktop\\sang,tae_jetson\\yolov5-master\\data\\train\\labels... 377 images, 1 backgrounds, 0 corrupt: 100%|\u2588\u2588\u2588\u2588\u2588\u2588\u2588\u2588\u2588\u2588| 377/377 [00:10<00:00, 37.68it/s]\u001b[0m ","stderr":true},"type":"standard_output"}
{"payload":{"local_timestamp":1730971529512,"message_id":193,"output":"\n","stderr":true},"type":"standard_output"}
{"payload":{"local_timestamp":1730971529649,"message_id":194,"output":"\u001b[34m\u001b[1mtrain: \u001b[0mNew cache created: C:\\Users\\TaeSan\\Desktop\\sang,tae_jetson\\yolov5-master\\data\\train\\labels.cache\n","stderr":true},"type":"standard_output"}
{"payload":{"local_timestamp":1730971546611,"message_id":195,"metric":{"epoch":null,"metricName":"sys.gpu.0.gpu_utilization","metricValue":7,"step":null}},"type":"metric_msg"}
{"payload":{"local_timestamp":1730971546611,"message_id":196,"metric":{"epoch":null,"metricName":"sys.gpu.0.power_usage","metricValue":44475,"step":null}},"type":"metric_msg"}
{"payload":{"local_timestamp":1730971546611,"message_id":197,"metric":{"epoch":null,"metricName":"sys.gpu.0.temperature","metricValue":31,"step":null}},"type":"metric_msg"}
{"payload":{"local_timestamp":1730971546612,"message_id":198,"metric":{"epoch":null,"metricName":"sys.gpu.0.memory_utilization","metricValue":4,"step":null}},"type":"metric_msg"}
{"payload":{"local_timestamp":1730971546612,"message_id":199,"metric":{"epoch":null,"metricName":"sys.gpu.0.free_memory","metricValue":7350194176,"step":null}},"type":"metric_msg"}
{"payload":{"local_timestamp":1730971546612,"message_id":200,"metric":{"epoch":null,"metricName":"sys.gpu.0.used_memory","metricValue":1239740416,"step":null}},"type":"metric_msg"}
{"payload":{"local_timestamp":1730971546612,"message_id":201,"metric":{"epoch":null,"metricName":"sys.gpu.0.percent.used_memory","metricValue":14.432477951049805,"step":null}},"type":"metric_msg"}
{"payload":{"local_timestamp":1730971546717,"message_id":202,"metric":{"epoch":null,"metricName":"sys.cpu.percent.avg","metricValue":8.666666666666666,"step":null}},"type":"metric_msg"}
{"payload":{"local_timestamp":1730971546718,"message_id":203,"metric":{"epoch":null,"metricName":"sys.ram.total","metricValue":51392667648,"step":null}},"type":"metric_msg"}
{"payload":{"local_timestamp":1730971546718,"message_id":204,"metric":{"epoch":null,"metricName":"sys.ram.used","metricValue":12664340480,"step":null}},"type":"metric_msg"}
{"payload":{"local_timestamp":1730971546718,"message_id":205,"metric":{"epoch":null,"metricName":"sys.ram.available","metricValue":38728327168,"step":null}},"type":"metric_msg"}
{"payload":{"local_timestamp":1730971546718,"message_id":206,"metric":{"epoch":null,"metricName":"sys.ram.percent.used","metricValue":24.6,"step":null}},"type":"metric_msg"}
{"payload":{"local_timestamp":1730971546718,"message_id":207,"metric":{"epoch":null,"metricName":"sys.load.avg","metricValue":0.0,"step":null}},"type":"metric_msg"}
{"payload":{"local_timestamp":1730971546825,"message_id":208,"metric":{"epoch":null,"metricName":"sys.network.send_bps","metricValue":18694,"step":null}},"type":"metric_msg"}
{"payload":{"local_timestamp":1730971546825,"message_id":209,"metric":{"epoch":null,"metricName":"sys.network.receive_bps","metricValue":604050,"step":null}},"type":"metric_msg"}
{"payload":{"local_timestamp":1730971546931,"message_id":210,"metric":{"epoch":null,"metricName":"sys.disk.read_bps","metricValue":1190239.1976897975,"step":null}},"type":"metric_msg"}
{"payload":{"local_timestamp":1730971546931,"message_id":211,"metric":{"epoch":null,"metricName":"sys.disk.write_bps","metricValue":6600425.032257489,"step":null}},"type":"metric_msg"}
{"payload":{"local_timestamp":1730971577023,"message_id":212,"metric":{"epoch":null,"metricName":"sys.gpu.0.gpu_utilization","metricValue":6,"step":null}},"type":"metric_msg"}
{"payload":{"local_timestamp":1730971577023,"message_id":213,"metric":{"epoch":null,"metricName":"sys.gpu.0.power_usage","metricValue":44737,"step":null}},"type":"metric_msg"}
{"payload":{"local_timestamp":1730971577023,"message_id":214,"metric":{"epoch":null,"metricName":"sys.gpu.0.temperature","metricValue":31,"step":null}},"type":"metric_msg"}
{"payload":{"local_timestamp":1730971577023,"message_id":215,"metric":{"epoch":null,"metricName":"sys.gpu.0.memory_utilization","metricValue":4,"step":null}},"type":"metric_msg"}
{"payload":{"local_timestamp":1730971577023,"message_id":216,"metric":{"epoch":null,"metricName":"sys.gpu.0.free_memory","metricValue":7352168448,"step":null}},"type":"metric_msg"}
{"payload":{"local_timestamp":1730971577023,"message_id":217,"metric":{"epoch":null,"metricName":"sys.gpu.0.used_memory","metricValue":1237766144,"step":null}},"type":"metric_msg"}
{"payload":{"local_timestamp":1730971577023,"message_id":218,"metric":{"epoch":null,"metricName":"sys.gpu.0.percent.used_memory","metricValue":14.409494400024414,"step":null}},"type":"metric_msg"}
{"payload":{"local_timestamp":1730971577129,"message_id":219,"metric":{"epoch":null,"metricName":"sys.cpu.percent.avg","metricValue":4.633333333333332,"step":null}},"type":"metric_msg"}
{"payload":{"local_timestamp":1730971577129,"message_id":220,"metric":{"epoch":null,"metricName":"sys.ram.total","metricValue":51392667648,"step":null}},"type":"metric_msg"}
{"payload":{"local_timestamp":1730971577129,"message_id":221,"metric":{"epoch":null,"metricName":"sys.ram.used","metricValue":15720755200,"step":null}},"type":"metric_msg"}
{"payload":{"local_timestamp":1730971577129,"message_id":222,"metric":{"epoch":null,"metricName":"sys.ram.available","metricValue":35671912448,"step":null}},"type":"metric_msg"}
{"payload":{"local_timestamp":1730971577129,"message_id":223,"metric":{"epoch":null,"metricName":"sys.ram.percent.used","metricValue":30.6,"step":null}},"type":"metric_msg"}
{"payload":{"local_timestamp":1730971577129,"message_id":224,"metric":{"epoch":null,"metricName":"sys.load.avg","metricValue":0.0,"step":null}},"type":"metric_msg"}
{"payload":{"local_timestamp":1730971577237,"message_id":225,"metric":{"epoch":null,"metricName":"sys.network.send_bps","metricValue":20880,"step":null}},"type":"metric_msg"}
{"payload":{"local_timestamp":1730971577237,"message_id":226,"metric":{"epoch":null,"metricName":"sys.network.receive_bps","metricValue":797322,"step":null}},"type":"metric_msg"}
{"payload":{"local_timestamp":1730971577344,"message_id":227,"metric":{"epoch":null,"metricName":"sys.disk.read_bps","metricValue":252890.35672992957,"step":null}},"type":"metric_msg"}
{"payload":{"local_timestamp":1730971577344,"message_id":228,"metric":{"epoch":null,"metricName":"sys.disk.write_bps","metricValue":5483522.175271369,"step":null}},"type":"metric_msg"}
{"payload":{"local_timestamp":1730971581081,"message_id":229,"output":"Traceback (most recent call last):\n","stderr":true},"type":"standard_output"}
{"payload":{"local_timestamp":1730971581081,"message_id":230,"output":"  File \"train.py\", line 986, in <module>\n","stderr":true},"type":"standard_output"}
{"payload":{"local_timestamp":1730971581082,"message_id":231,"output":"    ","stderr":true},"type":"standard_output"}
{"payload":{"local_timestamp":1730971581082,"message_id":232,"output":"main(opt)","stderr":true},"type":"standard_output"}
{"payload":{"local_timestamp":1730971581082,"message_id":233,"output":"\n","stderr":true},"type":"standard_output"}
{"payload":{"local_timestamp":1730971581083,"message_id":234,"output":"  File \"train.py\", line 688, in main\n","stderr":true},"type":"standard_output"}
{"payload":{"local_timestamp":1730971581083,"message_id":235,"output":"    ","stderr":true},"type":"standard_output"}
{"payload":{"local_timestamp":1730971581083,"message_id":236,"output":"train(opt.hyp, opt, device, callbacks)","stderr":true},"type":"standard_output"}
{"payload":{"local_timestamp":1730971581083,"message_id":237,"output":"\n","stderr":true},"type":"standard_output"}
{"payload":{"local_timestamp":1730971581084,"message_id":238,"output":"  File \"train.py\", line 305, in train\n","stderr":true},"type":"standard_output"}
{"payload":{"local_timestamp":1730971581084,"message_id":239,"output":"    ","stderr":true},"type":"standard_output"}
{"payload":{"local_timestamp":1730971581084,"message_id":240,"output":"assert mlc < nc, f\"Label class {mlc} exceeds nc={nc} in {data}. Possible class labels are 0-{nc - 1}\"","stderr":true},"type":"standard_output"}
{"payload":{"local_timestamp":1730971581084,"message_id":241,"output":"\n","stderr":true},"type":"standard_output"}
{"payload":{"local_timestamp":1730971581084,"message_id":242,"output":"AssertionError","stderr":true},"type":"standard_output"}
{"payload":{"local_timestamp":1730971581084,"message_id":243,"output":": ","stderr":true},"type":"standard_output"}
{"payload":{"local_timestamp":1730971581084,"message_id":244,"output":"Label class 7 exceeds nc=1 in C:\\Users\\TaeSan\\Desktop\\sang,tae_jetson\\yolov5-master\\data\\data.yaml. Possible class labels are 0-0","stderr":true},"type":"standard_output"}
{"payload":{"local_timestamp":1730971581084,"message_id":245,"output":"\n","stderr":true},"type":"standard_output"}
{"payload":{"local_timestamp":1730971581085,"message_id":246,"output":"\u001b[1;38;5;39mCOMET INFO:\u001b[0m ---------------------------------------------------------------------------------------\n","stderr":true},"type":"standard_output"}
{"payload":{"local_timestamp":1730971581085,"message_id":247,"output":"\u001b[1;38;5;39mCOMET INFO:\u001b[0m Comet.ml OfflineExperiment Summary\n","stderr":true},"type":"standard_output"}
{"payload":{"local_timestamp":1730971581085,"message_id":248,"output":"\u001b[1;38;5;39mCOMET INFO:\u001b[0m ---------------------------------------------------------------------------------------\n","stderr":true},"type":"standard_output"}
{"payload":{"local_timestamp":1730971581086,"message_id":249,"output":"\u001b[1;38;5;39mCOMET INFO:\u001b[0m   Data:\n","stderr":true},"type":"standard_output"}
{"payload":{"local_timestamp":1730971581086,"message_id":250,"output":"\u001b[1;38;5;39mCOMET INFO:\u001b[0m     display_summary_level : 1\n","stderr":true},"type":"standard_output"}
{"payload":{"local_timestamp":1730971581086,"message_id":251,"output":"\u001b[1;38;5;39mCOMET INFO:\u001b[0m     name                  : exp\n","stderr":true},"type":"standard_output"}
{"payload":{"local_timestamp":1730971581086,"message_id":252,"output":"\u001b[1;38;5;39mCOMET INFO:\u001b[0m     url                   : [OfflineExperiment will get URL after upload]\n","stderr":true},"type":"standard_output"}
{"payload":{"local_timestamp":1730971581086,"message_id":253,"output":"\u001b[1;38;5;39mCOMET INFO:\u001b[0m   Others:\n","stderr":true},"type":"standard_output"}
{"payload":{"local_timestamp":1730971581087,"message_id":254,"output":"\u001b[1;38;5;39mCOMET INFO:\u001b[0m     Created from                : YOLOv5\n","stderr":true},"type":"standard_output"}
{"payload":{"local_timestamp":1730971581087,"message_id":255,"output":"\u001b[1;38;5;39mCOMET INFO:\u001b[0m     Name                        : exp\n","stderr":true},"type":"standard_output"}
{"payload":{"local_timestamp":1730971581088,"message_id":256,"output":"\u001b[1;38;5;39mCOMET INFO:\u001b[0m     comet_log_batch_metrics     : False\n","stderr":true},"type":"standard_output"}
{"payload":{"local_timestamp":1730971581088,"message_id":257,"output":"\u001b[1;38;5;39mCOMET INFO:\u001b[0m     comet_log_confusion_matrix  : True\n","stderr":true},"type":"standard_output"}
{"payload":{"local_timestamp":1730971581088,"message_id":258,"output":"\u001b[1;38;5;39mCOMET INFO:\u001b[0m     comet_log_per_class_metrics : False\n","stderr":true},"type":"standard_output"}
{"payload":{"local_timestamp":1730971581088,"message_id":259,"output":"\u001b[1;38;5;39mCOMET INFO:\u001b[0m     comet_max_image_uploads     : 100\n","stderr":true},"type":"standard_output"}
{"payload":{"local_timestamp":1730971581088,"message_id":260,"output":"\u001b[1;38;5;39mCOMET INFO:\u001b[0m     comet_mode                  : online\n","stderr":true},"type":"standard_output"}
{"payload":{"local_timestamp":1730971581088,"message_id":261,"output":"\u001b[1;38;5;39mCOMET INFO:\u001b[0m     comet_model_name            : yolov5\n","stderr":true},"type":"standard_output"}
{"payload":{"local_timestamp":1730971581088,"message_id":262,"output":"\u001b[1;38;5;39mCOMET INFO:\u001b[0m     hasNestedParams             : True\n","stderr":true},"type":"standard_output"}
{"payload":{"local_timestamp":1730971581089,"message_id":263,"output":"\u001b[1;38;5;39mCOMET INFO:\u001b[0m     offline_experiment          : True\n","stderr":true},"type":"standard_output"}
{"payload":{"local_timestamp":1730971581089,"message_id":264,"output":"\u001b[1;38;5;39mCOMET INFO:\u001b[0m   Parameters:\n","stderr":true},"type":"standard_output"}
{"payload":{"local_timestamp":1730971581089,"message_id":265,"output":"\u001b[1;38;5;39mCOMET INFO:\u001b[0m     anchor_t            : 4.0\n","stderr":true},"type":"standard_output"}
{"payload":{"local_timestamp":1730971581089,"message_id":266,"output":"\u001b[1;38;5;39mCOMET INFO:\u001b[0m     artifact_alias      : latest\n","stderr":true},"type":"standard_output"}
{"payload":{"local_timestamp":1730971581090,"message_id":267,"output":"\u001b[1;38;5;39mCOMET INFO:\u001b[0m     batch_size          : 16\n","stderr":true},"type":"standard_output"}
{"payload":{"local_timestamp":1730971581090,"message_id":268,"output":"\u001b[1;38;5;39mCOMET INFO:\u001b[0m     bbox_interval       : -1\n","stderr":true},"type":"standard_output"}
{"payload":{"local_timestamp":1730971581090,"message_id":269,"output":"\u001b[1;38;5;39mCOMET INFO:\u001b[0m     box                 : 0.05\n","stderr":true},"type":"standard_output"}
{"payload":{"local_timestamp":1730971581090,"message_id":270,"output":"\u001b[1;38;5;39mCOMET INFO:\u001b[0m     bucket              : \n","stderr":true},"type":"standard_output"}
{"payload":{"local_timestamp":1730971581091,"message_id":271,"output":"\u001b[1;38;5;39mCOMET INFO:\u001b[0m     cache               : None\n","stderr":true},"type":"standard_output"}
{"payload":{"local_timestamp":1730971581091,"message_id":272,"output":"\u001b[1;38;5;39mCOMET INFO:\u001b[0m     cfg                 : \n","stderr":true},"type":"standard_output"}
{"payload":{"local_timestamp":1730971581091,"message_id":273,"output":"\u001b[1;38;5;39mCOMET INFO:\u001b[0m     cls                 : 0.5\n","stderr":true},"type":"standard_output"}
{"payload":{"local_timestamp":1730971581091,"message_id":274,"output":"\u001b[1;38;5;39mCOMET INFO:\u001b[0m     cls_pw              : 1.0\n","stderr":true},"type":"standard_output"}
{"payload":{"local_timestamp":1730971581091,"message_id":275,"output":"\u001b[1;38;5;39mCOMET INFO:\u001b[0m     copy_paste          : 0.0\n","stderr":true},"type":"standard_output"}
{"payload":{"local_timestamp":1730971581092,"message_id":276,"output":"\u001b[1;38;5;39mCOMET INFO:\u001b[0m     cos_lr              : False\n","stderr":true},"type":"standard_output"}
{"payload":{"local_timestamp":1730971581092,"message_id":277,"output":"\u001b[1;38;5;39mCOMET INFO:\u001b[0m     degrees             : 0.0\n","stderr":true},"type":"standard_output"}
{"payload":{"local_timestamp":1730971581092,"message_id":278,"output":"\u001b[1;38;5;39mCOMET INFO:\u001b[0m     device              : \n","stderr":true},"type":"standard_output"}
{"payload":{"local_timestamp":1730971581092,"message_id":279,"output":"\u001b[1;38;5;39mCOMET INFO:\u001b[0m     entity              : None\n","stderr":true},"type":"standard_output"}
{"payload":{"local_timestamp":1730971581092,"message_id":280,"output":"\u001b[1;38;5;39mCOMET INFO:\u001b[0m     evolve              : None\n","stderr":true},"type":"standard_output"}
{"payload":{"local_timestamp":1730971581092,"message_id":281,"output":"\u001b[1;38;5;39mCOMET INFO:\u001b[0m     evolve_population   : data\\hyps\n","stderr":true},"type":"standard_output"}
{"payload":{"local_timestamp":1730971581092,"message_id":282,"output":"\u001b[1;38;5;39mCOMET INFO:\u001b[0m     exist_ok            : False\n","stderr":true},"type":"standard_output"}
{"payload":{"local_timestamp":1730971581093,"message_id":283,"output":"\u001b[1;38;5;39mCOMET INFO:\u001b[0m     fl_gamma            : 0.0\n","stderr":true},"type":"standard_output"}
{"payload":{"local_timestamp":1730971581093,"message_id":284,"output":"\u001b[1;38;5;39mCOMET INFO:\u001b[0m     fliplr              : 0.5\n","stderr":true},"type":"standard_output"}
{"payload":{"local_timestamp":1730971581093,"message_id":285,"output":"\u001b[1;38;5;39mCOMET INFO:\u001b[0m     flipud              : 0.0\n","stderr":true},"type":"standard_output"}
{"payload":{"local_timestamp":1730971581093,"message_id":286,"output":"\u001b[1;38;5;39mCOMET INFO:\u001b[0m     freeze              : [0]\n","stderr":true},"type":"standard_output"}
{"payload":{"local_timestamp":1730971581093,"message_id":287,"output":"\u001b[1;38;5;39mCOMET INFO:\u001b[0m     hsv_h               : 0.015\n","stderr":true},"type":"standard_output"}
{"payload":{"local_timestamp":1730971581094,"message_id":288,"output":"\u001b[1;38;5;39mCOMET INFO:\u001b[0m     hsv_s               : 0.7\n","stderr":true},"type":"standard_output"}
{"payload":{"local_timestamp":1730971581094,"message_id":289,"output":"\u001b[1;38;5;39mCOMET INFO:\u001b[0m     hsv_v               : 0.4\n","stderr":true},"type":"standard_output"}
{"payload":{"local_timestamp":1730971581094,"message_id":290,"output":"\u001b[1;38;5;39mCOMET INFO:\u001b[0m     hyp|anchor_t        : 4.0\n","stderr":true},"type":"standard_output"}
{"payload":{"local_timestamp":1730971581094,"message_id":291,"output":"\u001b[1;38;5;39mCOMET INFO:\u001b[0m     hyp|box             : 0.05\n","stderr":true},"type":"standard_output"}
{"payload":{"local_timestamp":1730971581095,"message_id":292,"output":"\u001b[1;38;5;39mCOMET INFO:\u001b[0m     hyp|cls             : 0.5\n","stderr":true},"type":"standard_output"}
{"payload":{"local_timestamp":1730971581095,"message_id":293,"output":"\u001b[1;38;5;39mCOMET INFO:\u001b[0m     hyp|cls_pw          : 1.0\n","stderr":true},"type":"standard_output"}
{"payload":{"local_timestamp":1730971581095,"message_id":294,"output":"\u001b[1;38;5;39mCOMET INFO:\u001b[0m     hyp|copy_paste      : 0.0\n","stderr":true},"type":"standard_output"}
{"payload":{"local_timestamp":1730971581095,"message_id":295,"output":"\u001b[1;38;5;39mCOMET INFO:\u001b[0m     hyp|degrees         : 0.0\n","stderr":true},"type":"standard_output"}
{"payload":{"local_timestamp":1730971581095,"message_id":296,"output":"\u001b[1;38;5;39mCOMET INFO:\u001b[0m     hyp|fl_gamma        : 0.0\n","stderr":true},"type":"standard_output"}
{"payload":{"local_timestamp":1730971581096,"message_id":297,"output":"\u001b[1;38;5;39mCOMET INFO:\u001b[0m     hyp|fliplr          : 0.5\n","stderr":true},"type":"standard_output"}
{"payload":{"local_timestamp":1730971581096,"message_id":298,"output":"\u001b[1;38;5;39mCOMET INFO:\u001b[0m     hyp|flipud          : 0.0\n","stderr":true},"type":"standard_output"}
{"payload":{"local_timestamp":1730971581096,"message_id":299,"output":"\u001b[1;38;5;39mCOMET INFO:\u001b[0m     hyp|hsv_h           : 0.015\n","stderr":true},"type":"standard_output"}
{"payload":{"local_timestamp":1730971581096,"message_id":300,"output":"\u001b[1;38;5;39mCOMET INFO:\u001b[0m     hyp|hsv_s           : 0.7\n","stderr":true},"type":"standard_output"}
{"payload":{"local_timestamp":1730971581096,"message_id":301,"output":"\u001b[1;38;5;39mCOMET INFO:\u001b[0m     hyp|hsv_v           : 0.4\n","stderr":true},"type":"standard_output"}
{"payload":{"local_timestamp":1730971581096,"message_id":302,"output":"\u001b[1;38;5;39mCOMET INFO:\u001b[0m     hyp|iou_t           : 0.2\n","stderr":true},"type":"standard_output"}
{"payload":{"local_timestamp":1730971581096,"message_id":303,"output":"\u001b[1;38;5;39mCOMET INFO:\u001b[0m     hyp|lr0             : 0.01\n","stderr":true},"type":"standard_output"}
{"payload":{"local_timestamp":1730971581098,"message_id":304,"output":"\u001b[1;38;5;39mCOMET INFO:\u001b[0m     hyp|lrf             : 0.01\n","stderr":true},"type":"standard_output"}
{"payload":{"local_timestamp":1730971581098,"message_id":305,"output":"\u001b[1;38;5;39mCOMET INFO:\u001b[0m     hyp|mixup           : 0.0\n","stderr":true},"type":"standard_output"}
{"payload":{"local_timestamp":1730971581098,"message_id":306,"output":"\u001b[1;38;5;39mCOMET INFO:\u001b[0m     hyp|momentum        : 0.937\n","stderr":true},"type":"standard_output"}
{"payload":{"local_timestamp":1730971581098,"message_id":307,"output":"\u001b[1;38;5;39mCOMET INFO:\u001b[0m     hyp|mosaic          : 1.0\n","stderr":true},"type":"standard_output"}
{"payload":{"local_timestamp":1730971581098,"message_id":308,"output":"\u001b[1;38;5;39mCOMET INFO:\u001b[0m     hyp|obj             : 1.0\n","stderr":true},"type":"standard_output"}
{"payload":{"local_timestamp":1730971581098,"message_id":309,"output":"\u001b[1;38;5;39mCOMET INFO:\u001b[0m     hyp|obj_pw          : 1.0\n","stderr":true},"type":"standard_output"}
{"payload":{"local_timestamp":1730971581099,"message_id":310,"output":"\u001b[1;38;5;39mCOMET INFO:\u001b[0m     hyp|perspective     : 0.0\n","stderr":true},"type":"standard_output"}
{"payload":{"local_timestamp":1730971581099,"message_id":311,"output":"\u001b[1;38;5;39mCOMET INFO:\u001b[0m     hyp|scale           : 0.5\n","stderr":true},"type":"standard_output"}
{"payload":{"local_timestamp":1730971581099,"message_id":312,"output":"\u001b[1;38;5;39mCOMET INFO:\u001b[0m     hyp|shear           : 0.0\n","stderr":true},"type":"standard_output"}
{"payload":{"local_timestamp":1730971581099,"message_id":313,"output":"\u001b[1;38;5;39mCOMET INFO:\u001b[0m     hyp|translate       : 0.1\n","stderr":true},"type":"standard_output"}
{"payload":{"local_timestamp":1730971581099,"message_id":314,"output":"\u001b[1;38;5;39mCOMET INFO:\u001b[0m     hyp|warmup_bias_lr  : 0.1\n","stderr":true},"type":"standard_output"}
{"payload":{"local_timestamp":1730971581099,"message_id":315,"output":"\u001b[1;38;5;39mCOMET INFO:\u001b[0m     hyp|warmup_epochs   : 3.0\n","stderr":true},"type":"standard_output"}
{"payload":{"local_timestamp":1730971581099,"message_id":316,"output":"\u001b[1;38;5;39mCOMET INFO:\u001b[0m     hyp|warmup_momentum : 0.8\n","stderr":true},"type":"standard_output"}
{"payload":{"local_timestamp":1730971581100,"message_id":317,"output":"\u001b[1;38;5;39mCOMET INFO:\u001b[0m     hyp|weight_decay    : 0.0005\n","stderr":true},"type":"standard_output"}
{"payload":{"local_timestamp":1730971581100,"message_id":318,"output":"\u001b[1;38;5;39mCOMET INFO:\u001b[0m     image_weights       : False\n","stderr":true},"type":"standard_output"}
{"payload":{"local_timestamp":1730971581100,"message_id":319,"output":"\u001b[1;38;5;39mCOMET INFO:\u001b[0m     imgsz               : 640\n","stderr":true},"type":"standard_output"}
{"payload":{"local_timestamp":1730971581100,"message_id":320,"output":"\u001b[1;38;5;39mCOMET INFO:\u001b[0m     iou_t               : 0.2\n","stderr":true},"type":"standard_output"}
{"payload":{"local_timestamp":1730971581100,"message_id":321,"output":"\u001b[1;38;5;39mCOMET INFO:\u001b[0m     label_smoothing     : 0.0\n","stderr":true},"type":"standard_output"}
{"payload":{"local_timestamp":1730971581100,"message_id":322,"output":"\u001b[1;38;5;39mCOMET INFO:\u001b[0m     local_rank          : -1\n","stderr":true},"type":"standard_output"}
{"payload":{"local_timestamp":1730971581101,"message_id":323,"output":"\u001b[1;38;5;39mCOMET INFO:\u001b[0m     lr0                 : 0.01\n","stderr":true},"type":"standard_output"}
{"payload":{"local_timestamp":1730971581101,"message_id":324,"output":"\u001b[1;38;5;39mCOMET INFO:\u001b[0m     lrf                 : 0.01\n","stderr":true},"type":"standard_output"}
{"payload":{"local_timestamp":1730971581101,"message_id":325,"output":"\u001b[1;38;5;39mCOMET INFO:\u001b[0m     mixup               : 0.0\n","stderr":true},"type":"standard_output"}
{"payload":{"local_timestamp":1730971581101,"message_id":326,"output":"\u001b[1;38;5;39mCOMET INFO:\u001b[0m     momentum            : 0.937\n","stderr":true},"type":"standard_output"}
{"payload":{"local_timestamp":1730971581101,"message_id":327,"output":"\u001b[1;38;5;39mCOMET INFO:\u001b[0m     mosaic              : 1.0\n","stderr":true},"type":"standard_output"}
{"payload":{"local_timestamp":1730971581101,"message_id":328,"output":"\u001b[1;38;5;39mCOMET INFO:\u001b[0m     multi_scale         : False\n","stderr":true},"type":"standard_output"}
{"payload":{"local_timestamp":1730971581102,"message_id":329,"output":"\u001b[1;38;5;39mCOMET INFO:\u001b[0m     name                : exp\n","stderr":true},"type":"standard_output"}
{"payload":{"local_timestamp":1730971581102,"message_id":330,"output":"\u001b[1;38;5;39mCOMET INFO:\u001b[0m     ndjson_console      : False\n","stderr":true},"type":"standard_output"}
{"payload":{"local_timestamp":1730971581102,"message_id":331,"output":"\u001b[1;38;5;39mCOMET INFO:\u001b[0m     ndjson_file         : False\n","stderr":true},"type":"standard_output"}
{"payload":{"local_timestamp":1730971581102,"message_id":332,"output":"\u001b[1;38;5;39mCOMET INFO:\u001b[0m     noautoanchor        : False\n","stderr":true},"type":"standard_output"}
{"payload":{"local_timestamp":1730971581102,"message_id":333,"output":"\u001b[1;38;5;39mCOMET INFO:\u001b[0m     noplots             : False\n","stderr":true},"type":"standard_output"}
{"payload":{"local_timestamp":1730971581102,"message_id":334,"output":"\u001b[1;38;5;39mCOMET INFO:\u001b[0m     nosave              : False\n","stderr":true},"type":"standard_output"}
{"payload":{"local_timestamp":1730971581103,"message_id":335,"output":"\u001b[1;38;5;39mCOMET INFO:\u001b[0m     noval               : False\n","stderr":true},"type":"standard_output"}
{"payload":{"local_timestamp":1730971581103,"message_id":336,"output":"\u001b[1;38;5;39mCOMET INFO:\u001b[0m     obj                 : 1.0\n","stderr":true},"type":"standard_output"}
{"payload":{"local_timestamp":1730971581103,"message_id":337,"output":"\u001b[1;38;5;39mCOMET INFO:\u001b[0m     obj_pw              : 1.0\n","stderr":true},"type":"standard_output"}
{"payload":{"local_timestamp":1730971581103,"message_id":338,"output":"\u001b[1;38;5;39mCOMET INFO:\u001b[0m     optimizer           : SGD\n","stderr":true},"type":"standard_output"}
{"payload":{"local_timestamp":1730971581104,"message_id":339,"output":"\u001b[1;38;5;39mCOMET INFO:\u001b[0m     patience            : 100\n","stderr":true},"type":"standard_output"}
{"payload":{"local_timestamp":1730971581104,"message_id":340,"output":"\u001b[1;38;5;39mCOMET INFO:\u001b[0m     perspective         : 0.0\n","stderr":true},"type":"standard_output"}
{"payload":{"local_timestamp":1730971581104,"message_id":341,"output":"\u001b[1;38;5;39mCOMET INFO:\u001b[0m     project             : runs\\train\n","stderr":true},"type":"standard_output"}
{"payload":{"local_timestamp":1730971581104,"message_id":342,"output":"\u001b[1;38;5;39mCOMET INFO:\u001b[0m     quad                : False\n","stderr":true},"type":"standard_output"}
{"payload":{"local_timestamp":1730971581104,"message_id":343,"output":"\u001b[1;38;5;39mCOMET INFO:\u001b[0m     rect                : False\n","stderr":true},"type":"standard_output"}
{"payload":{"local_timestamp":1730971581104,"message_id":344,"output":"\u001b[1;38;5;39mCOMET INFO:\u001b[0m     resume              : False\n","stderr":true},"type":"standard_output"}
{"payload":{"local_timestamp":1730971581104,"message_id":345,"output":"\u001b[1;38;5;39mCOMET INFO:\u001b[0m     resume_evolve       : None\n","stderr":true},"type":"standard_output"}
{"payload":{"local_timestamp":1730971581105,"message_id":346,"output":"\u001b[1;38;5;39mCOMET INFO:\u001b[0m     save_dir            : runs\\train\\exp3\n","stderr":true},"type":"standard_output"}
{"payload":{"local_timestamp":1730971581105,"message_id":347,"output":"\u001b[1;38;5;39mCOMET INFO:\u001b[0m     save_period         : -1\n","stderr":true},"type":"standard_output"}
{"payload":{"local_timestamp":1730971581105,"message_id":348,"output":"\u001b[1;38;5;39mCOMET INFO:\u001b[0m     scale               : 0.5\n","stderr":true},"type":"standard_output"}
{"payload":{"local_timestamp":1730971581105,"message_id":349,"output":"\u001b[1;38;5;39mCOMET INFO:\u001b[0m     seed                : 0\n","stderr":true},"type":"standard_output"}
{"payload":{"local_timestamp":1730971581105,"message_id":350,"output":"\u001b[1;38;5;39mCOMET INFO:\u001b[0m     shear               : 0.0\n","stderr":true},"type":"standard_output"}
{"payload":{"local_timestamp":1730971581106,"message_id":351,"output":"\u001b[1;38;5;39mCOMET INFO:\u001b[0m     single_cls          : False\n","stderr":true},"type":"standard_output"}
{"payload":{"local_timestamp":1730971581106,"message_id":352,"output":"\u001b[1;38;5;39mCOMET INFO:\u001b[0m     sync_bn             : False\n","stderr":true},"type":"standard_output"}
{"payload":{"local_timestamp":1730971581106,"message_id":353,"output":"\u001b[1;38;5;39mCOMET INFO:\u001b[0m     translate           : 0.1\n","stderr":true},"type":"standard_output"}
{"payload":{"local_timestamp":1730971581106,"message_id":354,"output":"\u001b[1;38;5;39mCOMET INFO:\u001b[0m     upload_dataset      : False\n","stderr":true},"type":"standard_output"}
{"payload":{"local_timestamp":1730971581106,"message_id":355,"output":"\u001b[1;38;5;39mCOMET INFO:\u001b[0m     val_conf_threshold  : 0.001\n","stderr":true},"type":"standard_output"}
{"payload":{"local_timestamp":1730971581106,"message_id":356,"output":"\u001b[1;38;5;39mCOMET INFO:\u001b[0m     val_iou_threshold   : 0.6\n","stderr":true},"type":"standard_output"}
{"payload":{"local_timestamp":1730971581107,"message_id":357,"output":"\u001b[1;38;5;39mCOMET INFO:\u001b[0m     warmup_bias_lr      : 0.1\n","stderr":true},"type":"standard_output"}
{"payload":{"local_timestamp":1730971581107,"message_id":358,"output":"\u001b[1;38;5;39mCOMET INFO:\u001b[0m     warmup_epochs       : 3.0\n","stderr":true},"type":"standard_output"}
{"payload":{"local_timestamp":1730971581107,"message_id":359,"output":"\u001b[1;38;5;39mCOMET INFO:\u001b[0m     warmup_momentum     : 0.8\n","stderr":true},"type":"standard_output"}
{"payload":{"local_timestamp":1730971581107,"message_id":360,"output":"\u001b[1;38;5;39mCOMET INFO:\u001b[0m     weight_decay        : 0.0005\n","stderr":true},"type":"standard_output"}
{"payload":{"local_timestamp":1730971581107,"message_id":361,"output":"\u001b[1;38;5;39mCOMET INFO:\u001b[0m     workers             : 8\n","stderr":true},"type":"standard_output"}
{"payload":{"local_timestamp":1730971581108,"message_id":362,"output":"\u001b[1;38;5;39mCOMET INFO:\u001b[0m   Uploads:\n","stderr":true},"type":"standard_output"}
{"payload":{"local_timestamp":1730971581108,"message_id":363,"output":"\u001b[1;38;5;39mCOMET INFO:\u001b[0m     asset               : 3 (1.65 KB)\n","stderr":true},"type":"standard_output"}
{"payload":{"local_timestamp":1730971581108,"message_id":364,"output":"\u001b[1;38;5;39mCOMET INFO:\u001b[0m     environment details : 1\n","stderr":true},"type":"standard_output"}
{"payload":{"local_timestamp":1730971581108,"message_id":365,"output":"\u001b[1;38;5;39mCOMET INFO:\u001b[0m     installed packages  : 1\n","stderr":true},"type":"standard_output"}
{"payload":{"local_timestamp":1730971581108,"message_id":366,"output":"\u001b[1;38;5;39mCOMET INFO:\u001b[0m \n","stderr":true},"type":"standard_output"}
