{"offline_id": "a080c7f82fef4640b819448966bfcdfb", "project_name": "yolov5", "start_time": 1730971749554, "stop_time": 1730971803448, "tags": [], "workspace": null, "resume_strategy": "create", "customer_error_reported": true, "customer_error_message": "Unexpected error detected in the user script: AssertionError('Label class 7 exceeds nc=1 in C:\\\\Users\\\\TaeSan\\\\Desktop\\\\sang,tae_jetson\\\\yolov5-master\\\\data\\\\data.yaml. Possible class labels are 0-0')", "user_provided_experiment_key": false, "comet_start_sourced": false}